<?xml version="1.0" encoding="ISO-8859-1"?>
<modeling>
 <generator>
  <i name="program" type="string">vasp </i>
  <i name="version" type="string">5.4.4.18Apr17-6-g9f103f2a35  </i>
  <i name="subversion" type="string">(build Jul 30 2020 14:31:59) complex            parallel </i>
  <i name="platform" type="string">LinuxIFC </i>
  <i name="date" type="string">2024 07 31 </i>
  <i name="time" type="string">03:59:39 </i>
 </generator>
 <incar>
  <i type="string" name="SYSTEM">  ZnO_Bulk</i>
  <i type="int" name="ISTART">     1</i>
  <i type="string" name="PREC">accurate</i>
  <i type="int" name="IALGO">    38</i>
  <i type="logical" name="ADDGRID"> T  </i>
  <i type="int" name="NELM">   200</i>
  <i type="int" name="IBRION">     1</i>
  <i name="EDIFF">      0.00000001</i>
  <i name="EDIFFG">     -0.00040000</i>
  <i type="int" name="NSW">     0</i>
  <i type="int" name="ISIF">     4</i>
  <i type="int" name="IWAVPR">    11</i>
  <i type="int" name="ISYM">     1</i>
  <i name="SYMPREC">      0.00000001</i>
  <i type="int" name="NBLOCK">     1</i>
  <i type="int" name="KBLOCK">    40</i>
  <i name="ENMAX">    950.00000000</i>
  <i type="logical" name="LREAL"> F  </i>
  <i name="TIME">      0.30000000</i>
  <i type="int" name="ISMEAR">    -5</i>
  <i name="SIGMA">      0.01000000</i>
  <i type="logical" name="LCORR"> T  </i>
  <i type="logical" name="LWAVE"> T  </i>
  <i type="logical" name="LCHARG"> F  </i>
  <i type="logical" name="LASPH"> T  </i>
  <v type="int" name="KPOINT_BSE">    -1     0     0     0</v>
  <i type="int" name="NELM">   200</i>
  <i type="logical" name="LHFCALC"> T  </i>
  <i type="string" name="GGA"> PS</i>
  <i name="AEXX">      0.60000000</i>
  <i type="string" name="PRECFOCK">fast</i>
  <i type="logical" name="LASPH"> T  </i>
 </incar>
 <structure name="primitive_cell" >
  <crystal>
   <varray name="basis" >
    <v>      15.00000000       0.00000000       0.00000000 </v>
    <v>       0.00000000      15.00000000       0.00000000 </v>
    <v>       0.00000000       0.00000000      15.00000000 </v>
   </varray>
   <i name="volume">   3375.00000000 </i>
   <varray name="rec_basis" >
    <v>       0.06666667       0.00000000       0.00000000 </v>
    <v>       0.00000000       0.06666667       0.00000000 </v>
    <v>       0.00000000       0.00000000       0.06666667 </v>
   </varray>
  </crystal>
  <varray name="positions" >
   <v>      -0.50000000      -0.50000000      -0.50000000 </v>
  </varray>
 </structure>
 <varray name="primitive_index" >
  <v type="int" >        1 </v>
 </varray>
 <kpoints>
  <generation param="Gamma">
   <v type="int" name="divisions">       2        2        2 </v>
   <v name="usershift">      0.00000000       0.00000000       0.00000000 </v>
   <v name="genvec1">      0.50000000       0.00000000       0.00000000 </v>
   <v name="genvec2">      0.00000000       0.50000000       0.00000000 </v>
   <v name="genvec3">      0.00000000       0.00000000       0.50000000 </v>
   <v name="shift">      0.00000000       0.00000000       0.00000000 </v>
  </generation>
  <varray name="kpointlist" >
   <v>       0.00000000       0.00000000       0.00000000 </v>
   <v>       0.50000000       0.00000000       0.00000000 </v>
   <v>       0.50000000       0.50000000       0.00000000 </v>
   <v>       0.50000000       0.50000000       0.50000000 </v>
  </varray>
  <varray name="weights" >
   <v>       0.12500000 </v>
   <v>       0.37500000 </v>
   <v>       0.37500000 </v>
   <v>       0.12500000 </v>
  </varray>
  <varray name="tetrahedronlist"  type="int" >
   <v type="int" >       12        1        2        2        3 </v>
   <v type="int" >       12        2        2        3        3 </v>
   <v type="int" >       12        2        3        3        4 </v>
   <v type="int" >       12        1        2        3        4 </v>
  </varray>
  <i name="volumeweight">      0.02083333 </i>
 </kpoints>
 <parameters>
  <separator name="general" >
   <i type="string" name="SYSTEM">ZnO_Bulk</i>
   <i type="logical" name="LCOMPAT"> F  </i>
  </separator>
  <separator name="electronic" >
   <i type="string" name="PREC">accura</i>
   <i name="ENMAX">    950.00000000</i>
   <i name="ENAUG">    605.39200000</i>
   <i name="EDIFF">      0.00000001</i>
   <i type="int" name="IALGO">    38</i>
   <i type="int" name="IWAVPR">    11</i>
   <i type="int" name="NBANDS">     8</i>
   <i name="NELECT">      6.00000000</i>
   <i type="int" name="TURBO">     0</i>
   <i type="int" name="IRESTART">     0</i>
   <i type="int" name="NREBOOT">     0</i>
   <i type="int" name="NMIN">     0</i>
   <i name="EREF">      0.00000000</i>
   <separator name="electronic smearing" >
    <i type="int" name="ISMEAR">    -5</i>
    <i name="SIGMA">      0.01000000</i>
    <i name="KSPACING">      0.50000000</i>
    <i type="logical" name="KGAMMA"> T  </i>
   </separator>
   <separator name="electronic projectors" >
    <i type="logical" name="LREAL"> F  </i>
    <v name="ROPT">      0.00000000</v>
    <i type="int" name="LMAXPAW">  -100</i>
    <i type="int" name="LMAXMIX">     2</i>
    <i type="logical" name="NLSPLINE"> F  </i>
   </separator>
   <separator name="electronic startup" >
    <i type="int" name="ISTART">     0</i>
    <i type="int" name="ICHARG">     2</i>
    <i type="int" name="INIWAV">     1</i>
   </separator>
   <separator name="electronic spin" >
    <i type="int" name="ISPIN">     1</i>
    <i type="logical" name="LNONCOLLINEAR"> F  </i>
    <v name="MAGMOM">      1.00000000</v>
    <i name="NUPDOWN">     -1.00000000</i>
    <i type="logical" name="LSORBIT"> F  </i>
    <v name="SAXIS">      0.00000000      0.00000000      1.00000000</v>
    <i type="logical" name="LSPIRAL"> F  </i>
    <v name="QSPIRAL">      0.00000000      0.00000000      0.00000000</v>
    <i type="logical" name="LZEROZ"> F  </i>
   </separator>
   <separator name="electronic exchange-correlation" >
    <i type="logical" name="LASPH"> T  </i>
    <i type="logical" name="LMETAGGA"> F  </i>
   </separator>
   <separator name="electronic convergence" >
    <i type="int" name="NELM">   200</i>
    <i type="int" name="NELMDL">     0</i>
    <i type="int" name="NELMIN">     2</i>
    <i name="ENINI">    950.00000000</i>
    <separator name="electronic convergence detail" >
     <i type="logical" name="LDIAG"> T  </i>
     <i type="logical" name="LSUBROT"> F  </i>
     <i name="WEIMIN">      0.00000000</i>
     <i name="EBREAK">      0.00000000</i>
     <i name="DEPER">      0.30000000</i>
     <i type="int" name="NRMM">     4</i>
     <i name="TIME">      0.30000000</i>
    </separator>
   </separator>
   <separator name="electronic mixer" >
    <i name="AMIX">      0.40000000</i>
    <i name="BMIX">      1.00000000</i>
    <i name="AMIN">      0.10000000</i>
    <i name="AMIX_MAG">      1.60000000</i>
    <i name="BMIX_MAG">      1.00000000</i>
    <separator name="electronic mixer details" >
     <i type="int" name="IMIX">     1</i>
     <i type="logical" name="MIXFIRST"> F  </i>
     <i type="int" name="MAXMIX">   -45</i>
     <i name="WC">    100.00000000</i>
     <i type="int" name="INIMIX">     1</i>
     <i type="int" name="MIXPRE">     1</i>
     <i type="int" name="MREMOVE">     5</i>
    </separator>
   </separator>
   <separator name="electronic dipolcorrection" >
    <i type="logical" name="LDIPOL"> F  </i>
    <i type="logical" name="LMONO"> F  </i>
    <i type="int" name="IDIPOL">     0</i>
    <i name="EPSILON">      1.00000000</i>
    <v name="DIPOL">   -100.00000000   -100.00000000   -100.00000000</v>
    <i name="EFIELD">      0.00000000</i>
   </separator>
  </separator>
  <separator name="grids" >
   <i type="int" name="NGX">   160</i>
   <i type="int" name="NGY">   160</i>
   <i type="int" name="NGZ">   160</i>
   <i type="int" name="NGXF">   320</i>
   <i type="int" name="NGYF">   320</i>
   <i type="int" name="NGZF">   320</i>
   <i type="logical" name="ADDGRID"> T  </i>
  </separator>
  <separator name="ionic" >
   <i type="int" name="NSW">     0</i>
   <i type="int" name="IBRION">    -1</i>
   <i type="int" name="MDALGO">     0</i>
   <i type="int" name="ISIF">     4</i>
   <i name="PSTRESS">      0.00000000</i>
   <i name="EDIFFG">     -0.00040000</i>
   <i type="int" name="NFREE">     0</i>
   <i name="POTIM">      0.50000000</i>
   <i name="SMASS">     -3.00000000</i>
   <i name="SCALEE">      1.00000000</i>
  </separator>
  <separator name="ionic md" >
   <i name="TEBEG">      0.00010000</i>
   <i name="TEEND">      0.00010000</i>
   <i type="int" name="NBLOCK">     1</i>
   <i type="int" name="KBLOCK">     1</i>
   <i type="int" name="NPACO">   256</i>
   <i name="APACO">     16.00000000</i>
  </separator>
  <separator name="symmetry" >
   <i type="int" name="ISYM">     1</i>
   <i name="SYMPREC">      0.00000001</i>
  </separator>
  <separator name="dos" >
   <i type="int" name="LORBIT">     0</i>
   <v name="RWIGS">     -1.00000000</v>
   <i type="int" name="NEDOS">   301</i>
   <i name="EMIN">     10.00000000</i>
   <i name="EMAX">    -10.00000000</i>
   <i name="EFERMI">      0.00000000</i>
  </separator>
  <separator name="writing" >
   <i type="int" name="NWRITE">     2</i>
   <i type="logical" name="LWAVE"> T  </i>
   <i type="logical" name="LDOWNSAMPLE"> F  </i>
   <i type="logical" name="LCHARG"> F  </i>
   <i type="logical" name="LPARD"> F  </i>
   <i type="logical" name="LVTOT"> F  </i>
   <i type="logical" name="LVHAR"> F  </i>
   <i type="logical" name="LELF"> F  </i>
   <i type="logical" name="LOPTICS"> F  </i>
   <v name="STM">      0.00000000      0.00000000      0.00000000      0.00000000      0.00000000      0.00000000      0.00000000</v>
  </separator>
  <separator name="performance" >
   <i type="int" name="NPAR">     2</i>
   <i type="int" name="NSIM">     4</i>
   <i type="int" name="NBLK">    -1</i>
   <i type="logical" name="LPLANE"> T  </i>
   <i type="logical" name="LSCALAPACK"> T  </i>
   <i type="logical" name="LSCAAWARE"> F  </i>
   <i type="logical" name="LSCALU"> F  </i>
   <i type="logical" name="LASYNC"> F  </i>
   <i type="logical" name="LORBITALREAL"> F  </i>
  </separator>
  <separator name="miscellaneous" >
   <i type="int" name="IDIOT">     3</i>
   <i type="int" name="ISPECIAL">     0</i>
   <i type="logical" name="LMUSIC"> F  </i>
   <v name="POMASS">     16.00000000</v>
   <v name="DARWINR">      0.00000000</v>
   <v name="DARWINV">      1.00000000</v>
   <i type="logical" name="LCORR"> T  </i>
  </separator>
  <i type="logical" name="GGA_COMPAT"> T  </i>
  <i type="logical" name="LBERRY"> F  </i>
  <i type="int" name="ICORELEVEL">     0</i>
  <i type="logical" name="LDAU"> F  </i>
  <i type="int" name="I_CONSTRAINED_M">     0</i>
  <separator name="electronic exchange-correlation" >
   <i type="string" name="GGA">PS</i>
   <i type="int" name="VOSKOWN">     0</i>
   <i type="logical" name="LHFCALC"> T  </i>
   <i type="string" name="PRECFOCK">fast</i>
   <i type="logical" name="LSYMGRAD"> F  </i>
   <i type="logical" name="LHFONE"> F  </i>
   <i type="logical" name="LRHFCALC"> F  </i>
   <i type="logical" name="LTHOMAS"> F  </i>
   <i type="logical" name="LMODELHF"> F  </i>
   <i name="ENCUT4O">     -1.00000000</i>
   <i type="int" name="EXXOEP">     0</i>
   <i type="int" name="FOURORBIT">     0</i>
   <i name="AEXX">      0.60000000</i>
   <i name="HFALPHA">     -1.00000000</i>
   <i name="MCALPHA">      0.00000000</i>
   <i name="ALDAX">      0.40000000</i>
   <i name="AGGAX">      0.40000000</i>
   <i name="ALDAC">      1.00000000</i>
   <i name="AGGAC">      1.00000000</i>
   <i type="int" name="NKREDX">     1</i>
   <i type="int" name="NKREDY">     1</i>
   <i type="int" name="NKREDZ">     1</i>
   <i type="logical" name="SHIFTRED"> F  </i>
   <i type="logical" name="ODDONLY"> F  </i>
   <i type="logical" name="EVENONLY"> F  </i>
   <i type="int" name="LMAXFOCK">     4</i>
   <i type="int" name="NMAXFOCKAE">     1</i>
   <i type="logical" name="LFOCKAEDFT"> F  </i>
   <i name="HFSCREEN">      0.00000000</i>
   <i name="HFSCREENC">      0.00000000</i>
   <i type="int" name="NBANDSGWLOW">     1</i>
  </separator>
  <separator name="vdW DFT" >
   <i type="logical" name="LUSE_VDW"> F  </i>
   <i name="Zab_VDW">     -0.84910000</i>
   <i name="PARAM1">      0.12340000</i>
   <i name="PARAM2">      1.00000000</i>
   <i name="PARAM3">      0.00000000</i>
  </separator>
  <separator name="model GW" >
   <i type="int" name="MODEL_GW">     0</i>
   <i name="MODEL_EPS0">   2025.00000000</i>
   <i name="MODEL_ALPHA">      1.00000000</i>
  </separator>
  <separator name="linear response parameters" >
   <i type="logical" name="LEPSILON"> F  </i>
   <i type="logical" name="LRPA"> F  </i>
   <i type="logical" name="LNABLA"> F  </i>
   <i type="logical" name="LVEL"> F  </i>
   <i type="int" name="KINTER">     0</i>
   <i name="CSHIFT">      0.10000000</i>
   <i name="OMEGAMAX">     -1.00000000</i>
   <i name="DEG_THRESHOLD">      0.00200000</i>
   <i name="RTIME">     -0.10000000</i>
   <i name="WPLASMAI">      0.00000000</i>
   <v name="DFIELD">      0.00000000      0.00000000      0.00000000</v>
   <v name="WPLASMA">      0.00000000      0.00000000      0.00000000      0.00000000      0.00000000      0.00000000      0.00000000      0.00000000      0.00000000</v>
  </separator>
  <separator name="orbital magnetization" >
   <i type="logical" name="NUCIND"> F  </i>
   <v name="MAGPOS">      0.00000000      0.00000000      0.00000000</v>
   <i type="logical" name="LNICSALL"> T  </i>
   <i type="logical" name="ORBITALMAG"> F  </i>
   <i type="logical" name="LMAGBLOCH"> F  </i>
   <i type="logical" name="LCHIMAG"> F  </i>
   <i type="logical" name="LGAUGE"> T  </i>
   <i type="int" name="MAGATOM">     0</i>
   <v name="MAGDIPOL">      0.00000000      0.00000000      0.00000000</v>
   <v name="AVECCONST">      0.00000000      0.00000000      0.00000000</v>
  </separator>
  <separator name="response functions" >
   <i type="logical" name="LADDER"> F  </i>
   <i type="logical" name="LRPAFORCE"> F  </i>
   <i type="logical" name="LFXC"> F  </i>
   <i type="logical" name="LHARTREE"> T  </i>
   <i type="int" name="IBSE">     0</i>
   <v type="int" name="KPOINT">    -1     0     0     0</v>
   <i type="logical" name="LTCTE"> F  </i>
   <i type="logical" name="LTETE"> F  </i>
   <i type="logical" name="LTRIPLET"> F  </i>
   <i type="logical" name="LFXCEPS"> F  </i>
   <i type="logical" name="LFXHEG"> F  </i>
   <i type="int" name="NATURALO">     2</i>
   <i type="logical" name="L2ORDER"> F  </i>
   <i type="logical" name="LMP2LT"> F  </i>
   <i type="logical" name="LUSEW"> F  </i>
   <i name="ENCUTGW">     -2.00000000</i>
   <i name="ENCUTGWSOFT">     -2.00000000</i>
   <i name="ENCUTLF">     -1.00000000</i>
   <i type="int" name="LMAXMP2">    -1</i>
   <i name="SCISSOR">      0.00000000</i>
   <i type="int" name="NOMEGA">     0</i>
   <i type="int" name="NOMEGAR">     0</i>
   <i type="int" name="NBANDSGW">    -1</i>
   <i type="int" name="NBANDSO">    -1</i>
   <i type="int" name="NBANDSV">    -1</i>
   <i type="int" name="NELM">   200</i>
   <i type="int" name="NELMHF">     1</i>
   <i type="int" name="DIM">     3</i>
   <i type="int" name="ANTIRES">     0</i>
   <i name="OMEGAMAX">    -30.00000000</i>
   <i name="OMEGAMIN">    -30.00000000</i>
   <i name="OMEGATL">   -200.00000000</i>
   <i type="int" name="OMEGAGRID">   140</i>
   <i name="CSHIFT">     -0.10000000</i>
   <i type="logical" name="SELFENERGY"> F  </i>
   <i type="logical" name="LSPECTRAL"> F  </i>
   <i type="logical" name="LSPECTRALGW"> F  </i>
   <i type="logical" name="LSINGLES"> F  </i>
   <i type="logical" name="LFERMIGW"> F  </i>
   <i type="logical" name="ODDONLYGW"> F  </i>
   <i type="logical" name="EVENONLYGW"> F  </i>
   <i type="int" name="NKREDLFX">     1</i>
   <i type="int" name="NKREDLFY">     1</i>
   <i type="int" name="NKREDLFZ">     1</i>
   <i type="int" name="MAXMEM">  2800</i>
   <i type="int" name="TELESCOPE">     0</i>
   <i type="int" name="TAUPAR">     1</i>
   <i type="int" name="OMEGAPAR">    -1</i>
   <i name="LAMBDA">      1.00000000</i>
  </separator>
  <separator name="External order field" >
   <i name="OFIELD_KAPPA">      0.00000000</i>
   <v name="OFIELD_K">      0.00000000      0.00000000      0.00000000</v>
   <i name="OFIELD_Q6_NEAR">      0.00000000</i>
   <i name="OFIELD_Q6_FAR">      0.00000000</i>
   <i name="OFIELD_A">      0.00000000</i>
  </separator>
 </parameters>
 <atominfo>
  <atoms>       1 </atoms>
  <types>       1 </types>
  <array name="atoms" >
   <dimension dim="1">ion</dimension>
   <field type="string">element</field>
   <field type="int">atomtype</field>
   <set>
    <rc><c>O </c><c>   1</c></rc>
   </set>
  </array>
  <array name="atomtypes" >
   <dimension dim="1">type</dimension>
   <field type="int">atomspertype</field>
   <field type="string">element</field>
   <field>mass</field>
   <field>valence</field>
   <field type="string">pseudopotential</field>
   <set>
    <rc><c>   1</c><c>O </c><c>     16.00000000</c><c>      6.00000000</c><c>  PAW_PBE O 08Apr2002                   </c></rc>
   </set>
  </array>
 </atominfo>
 <structure name="initialpos" >
  <crystal>
   <varray name="basis" >
    <v>      15.00000000       0.00000000       0.00000000 </v>
    <v>       0.00000000      15.00000000       0.00000000 </v>
    <v>       0.00000000       0.00000000      15.00000000 </v>
   </varray>
   <i name="volume">   3375.00000000 </i>
   <varray name="rec_basis" >
    <v>       0.06666667       0.00000000       0.00000000 </v>
    <v>       0.00000000       0.06666667       0.00000000 </v>
    <v>       0.00000000       0.00000000       0.06666667 </v>
   </varray>
  </crystal>
  <varray name="positions" >
   <v>       0.50000000       0.50000000       0.50000000 </v>
  </varray>
 </structure>
 <calculation>
  <scstep>
   <time name="dav">    0.42    0.44</time>
   <time name="total">    2.84    2.87</time>
   <energy>
    <i name="alphaZ">      0.04117169 </i>
    <i name="ewald">    -49.02777601 </i>
    <i name="hartreedc">   -323.76060630 </i>
    <i name="XCdc">     11.54885754 </i>
    <i name="pawpsdc">    361.06526399 </i>
    <i name="pawaedc">   -360.63978378 </i>
    <i name="eentropy">      0.00000000 </i>
    <i name="bandstr">     -4.08261055 </i>
    <i name="atom">    424.04334389 </i>
    <i name="e_fr_energy">     59.18786047 </i>
    <i name="e_wo_entrp">     59.18786047 </i>
    <i name="e_0_energy">     59.18786047 </i>
   </energy>
  </scstep>
  <scstep>
   <time name="dav">    0.45    0.46</time>
   <time name="total">    0.45    0.46</time>
   <energy>
    <i name="e_fr_energy">     42.12411036 </i>
    <i name="e_wo_entrp">     42.12411036 </i>
    <i name="e_0_energy">     42.12411036 </i>
   </energy>
  </scstep>
  <scstep>
   <time name="dav">    0.54    0.55</time>
   <time name="total">    0.54    0.55</time>
   <energy>
    <i name="e_fr_energy">     36.74080421 </i>
    <i name="e_wo_entrp">     36.74080421 </i>
    <i name="e_0_energy">     36.74080421 </i>
   </energy>
  </scstep>
  <scstep>
   <time name="dav">    0.58    0.58</time>
   <time name="total">    0.58    0.58</time>
   <energy>
    <i name="e_fr_energy">     35.85219505 </i>
    <i name="e_wo_entrp">     35.85219505 </i>
    <i name="e_0_energy">     35.85219505 </i>
   </energy>
  </scstep>
  <scstep>
   <time name="dav">    2.40    2.41</time>
   <time name="total">    9.29    9.32</time>
   <energy>
    <i name="e_fr_energy">      2.42128193 </i>
    <i name="e_wo_entrp">      2.42128193 </i>
    <i name="e_0_energy">      2.42128193 </i>
   </energy>
  </scstep>
  <scstep>
   <time name="dav">    2.10    2.11</time>
   <time name="total">   11.41   11.44</time>
   <energy>
    <i name="e_fr_energy">     -4.00542944 </i>
    <i name="e_wo_entrp">     -4.00542944 </i>
    <i name="e_0_energy">     -4.00542944 </i>
   </energy>
  </scstep>
  <scstep>
   <time name="dav">    2.08    2.09</time>
   <time name="total">   11.29   11.33</time>
   <energy>
    <i name="e_fr_energy">     -7.63304872 </i>
    <i name="e_wo_entrp">     -7.63304872 </i>
    <i name="e_0_energy">     -7.63304872 </i>
   </energy>
  </scstep>
  <scstep>
   <time name="dav">    2.07    2.07</time>
   <time name="total">   11.43   11.46</time>
   <energy>
    <i name="e_fr_energy">     -7.82027258 </i>
    <i name="e_wo_entrp">     -7.82027258 </i>
    <i name="e_0_energy">     -7.82027258 </i>
   </energy>
  </scstep>
  <scstep>
   <time name="dav">    2.72    2.72</time>
   <time name="total">   12.00   12.04</time>
   <energy>
    <i name="e_fr_energy">     -7.75476241 </i>
    <i name="e_wo_entrp">     -7.75476241 </i>
    <i name="e_0_energy">     -7.75476241 </i>
   </energy>
  </scstep>
  <scstep>
   <time name="dav">    3.01    3.02</time>
   <time name="total">   12.35   12.39</time>
   <energy>
    <i name="e_fr_energy">     -7.76410707 </i>
    <i name="e_wo_entrp">     -7.76410707 </i>
    <i name="e_0_energy">     -7.76410707 </i>
   </energy>
  </scstep>
  <scstep>
   <time name="dav">    3.25    3.27</time>
   <time name="total">   12.65   12.69</time>
   <energy>
    <i name="e_fr_energy">     -7.76996360 </i>
    <i name="e_wo_entrp">     -7.76996360 </i>
    <i name="e_0_energy">     -7.76996360 </i>
   </energy>
  </scstep>
  <scstep>
   <time name="dav">    2.08    2.09</time>
   <time name="total">   11.32   11.35</time>
   <energy>
    <i name="e_fr_energy">     -7.76936646 </i>
    <i name="e_wo_entrp">     -7.76936646 </i>
    <i name="e_0_energy">     -7.76936646 </i>
   </energy>
  </scstep>
  <scstep>
   <time name="dav">    3.25    3.25</time>
   <time name="total">   12.65   12.69</time>
   <energy>
    <i name="e_fr_energy">     -7.76885847 </i>
    <i name="e_wo_entrp">     -7.76885847 </i>
    <i name="e_0_energy">     -7.76885847 </i>
   </energy>
  </scstep>
  <scstep>
   <time name="dav">    2.08    2.08</time>
   <time name="total">   11.37   11.40</time>
   <energy>
    <i name="e_fr_energy">     -7.76881479 </i>
    <i name="e_wo_entrp">     -7.76881479 </i>
    <i name="e_0_energy">     -7.76881479 </i>
   </energy>
  </scstep>
  <scstep>
   <time name="dav">    3.07    3.08</time>
   <time name="total">   12.49   12.53</time>
   <energy>
    <i name="e_fr_energy">     -7.76881492 </i>
    <i name="e_wo_entrp">     -7.76881492 </i>
    <i name="e_0_energy">     -7.76881492 </i>
   </energy>
  </scstep>
  <scstep>
   <time name="dav">    2.09    2.10</time>
   <time name="total">   11.45   11.48</time>
   <energy>
    <i name="e_fr_energy">     -7.76878714 </i>
    <i name="e_wo_entrp">     -7.76878714 </i>
    <i name="e_0_energy">     -7.76878714 </i>
   </energy>
  </scstep>
  <scstep>
   <time name="dav">    3.00    3.00</time>
   <time name="total">   12.29   12.33</time>
   <energy>
    <i name="e_fr_energy">     -7.76873361 </i>
    <i name="e_wo_entrp">     -7.76873361 </i>
    <i name="e_0_energy">     -7.76873361 </i>
   </energy>
  </scstep>
  <scstep>
   <time name="dav">    2.12    2.12</time>
   <time name="total">   11.59   11.62</time>
   <energy>
    <i name="e_fr_energy">     -7.76883925 </i>
    <i name="e_wo_entrp">     -7.76883925 </i>
    <i name="e_0_energy">     -7.76883925 </i>
   </energy>
  </scstep>
  <scstep>
   <time name="dav">    2.10    2.11</time>
   <time name="total">   11.68   11.72</time>
   <energy>
    <i name="e_fr_energy">     -7.76882036 </i>
    <i name="e_wo_entrp">     -7.76882036 </i>
    <i name="e_0_energy">     -7.76882036 </i>
   </energy>
  </scstep>
  <scstep>
   <time name="dav">    2.08    2.08</time>
   <time name="total">   11.45   11.48</time>
   <energy>
    <i name="e_fr_energy">     -7.76882433 </i>
    <i name="e_wo_entrp">     -7.76882433 </i>
    <i name="e_0_energy">     -7.76882433 </i>
   </energy>
  </scstep>
  <scstep>
   <time name="dav">    2.10    2.10</time>
   <time name="total">   11.63   11.66</time>
   <energy>
    <i name="e_fr_energy">     -7.76882258 </i>
    <i name="e_wo_entrp">     -7.76882258 </i>
    <i name="e_0_energy">     -7.76882258 </i>
   </energy>
  </scstep>
  <scstep>
   <time name="dav">    2.10    2.11</time>
   <time name="total">   11.50   11.53</time>
   <energy>
    <i name="e_fr_energy">     -7.76882374 </i>
    <i name="e_wo_entrp">     -7.76882374 </i>
    <i name="e_0_energy">     -7.76882374 </i>
   </energy>
  </scstep>
  <scstep>
   <time name="dav">    2.11    2.12</time>
   <time name="total">   11.51   11.54</time>
   <energy>
    <i name="e_fr_energy">     -7.76882807 </i>
    <i name="e_wo_entrp">     -7.76882807 </i>
    <i name="e_0_energy">     -7.76882807 </i>
   </energy>
  </scstep>
  <scstep>
   <time name="dav">    2.10    2.11</time>
   <time name="total">   11.56   11.60</time>
   <energy>
    <i name="e_fr_energy">     -7.76883351 </i>
    <i name="e_wo_entrp">     -7.76883351 </i>
    <i name="e_0_energy">     -7.76883351 </i>
   </energy>
  </scstep>
  <scstep>
   <time name="dav">    2.07    2.07</time>
   <time name="total">   11.71   11.75</time>
   <energy>
    <i name="e_fr_energy">     -7.76883910 </i>
    <i name="e_wo_entrp">     -7.76883910 </i>
    <i name="e_0_energy">     -7.76883910 </i>
   </energy>
  </scstep>
  <scstep>
   <time name="dav">    2.12    2.13</time>
   <time name="total">   11.56   11.59</time>
   <energy>
    <i name="e_fr_energy">     -7.76884432 </i>
    <i name="e_wo_entrp">     -7.76884432 </i>
    <i name="e_0_energy">     -7.76884432 </i>
   </energy>
  </scstep>
  <scstep>
   <time name="dav">    2.08    2.09</time>
   <time name="total">   11.46   11.49</time>
   <energy>
    <i name="e_fr_energy">     -7.76884904 </i>
    <i name="e_wo_entrp">     -7.76884904 </i>
    <i name="e_0_energy">     -7.76884904 </i>
   </energy>
  </scstep>
  <scstep>
   <time name="dav">    2.07    2.07</time>
   <time name="total">   11.50   11.53</time>
   <energy>
    <i name="e_fr_energy">     -7.76885346 </i>
    <i name="e_wo_entrp">     -7.76885346 </i>
    <i name="e_0_energy">     -7.76885346 </i>
   </energy>
  </scstep>
  <scstep>
   <time name="dav">    2.09    2.09</time>
   <time name="total">   11.56   11.60</time>
   <energy>
    <i name="e_fr_energy">     -7.76885787 </i>
    <i name="e_wo_entrp">     -7.76885787 </i>
    <i name="e_0_energy">     -7.76885787 </i>
   </energy>
  </scstep>
  <scstep>
   <time name="dav">    2.99    3.00</time>
   <time name="total">   12.39   12.42</time>
   <energy>
    <i name="e_fr_energy">     -7.76886239 </i>
    <i name="e_wo_entrp">     -7.76886239 </i>
    <i name="e_0_energy">     -7.76886239 </i>
   </energy>
  </scstep>
  <scstep>
   <time name="dav">    2.12    2.12</time>
   <time name="total">   11.47   11.50</time>
   <energy>
    <i name="e_fr_energy">     -7.76886698 </i>
    <i name="e_wo_entrp">     -7.76886698 </i>
    <i name="e_0_energy">     -7.76886698 </i>
   </energy>
  </scstep>
  <scstep>
   <time name="dav">    2.09    2.09</time>
   <time name="total">   11.58   11.61</time>
   <energy>
    <i name="e_fr_energy">     -7.76887154 </i>
    <i name="e_wo_entrp">     -7.76887154 </i>
    <i name="e_0_energy">     -7.76887154 </i>
   </energy>
  </scstep>
  <scstep>
   <time name="dav">    2.08    2.08</time>
   <time name="total">   11.54   11.57</time>
   <energy>
    <i name="e_fr_energy">     -7.76887604 </i>
    <i name="e_wo_entrp">     -7.76887604 </i>
    <i name="e_0_energy">     -7.76887604 </i>
   </energy>
  </scstep>
  <scstep>
   <time name="dav">    2.10    2.11</time>
   <time name="total">   11.57   11.60</time>
   <energy>
    <i name="e_fr_energy">     -7.76888041 </i>
    <i name="e_wo_entrp">     -7.76888041 </i>
    <i name="e_0_energy">     -7.76888041 </i>
   </energy>
  </scstep>
  <scstep>
   <time name="dav">    2.09    2.09</time>
   <time name="total">   11.57   11.60</time>
   <energy>
    <i name="e_fr_energy">     -7.76888453 </i>
    <i name="e_wo_entrp">     -7.76888453 </i>
    <i name="e_0_energy">     -7.76888453 </i>
   </energy>
  </scstep>
  <scstep>
   <time name="dav">    2.12    2.12</time>
   <time name="total">   11.55   11.59</time>
   <energy>
    <i name="e_fr_energy">     -7.76888830 </i>
    <i name="e_wo_entrp">     -7.76888830 </i>
    <i name="e_0_energy">     -7.76888830 </i>
   </energy>
  </scstep>
  <scstep>
   <time name="dav">    2.09    2.09</time>
   <time name="total">   11.50   11.53</time>
   <energy>
    <i name="e_fr_energy">     -7.76889165 </i>
    <i name="e_wo_entrp">     -7.76889165 </i>
    <i name="e_0_energy">     -7.76889165 </i>
   </energy>
  </scstep>
  <scstep>
   <time name="dav">    2.09    2.09</time>
   <time name="total">   11.31   11.35</time>
   <energy>
    <i name="e_fr_energy">     -7.76889460 </i>
    <i name="e_wo_entrp">     -7.76889460 </i>
    <i name="e_0_energy">     -7.76889460 </i>
   </energy>
  </scstep>
  <scstep>
   <time name="dav">    2.11    2.11</time>
   <time name="total">   11.46   11.50</time>
   <energy>
    <i name="e_fr_energy">     -7.76889720 </i>
    <i name="e_wo_entrp">     -7.76889720 </i>
    <i name="e_0_energy">     -7.76889720 </i>
   </energy>
  </scstep>
  <scstep>
   <time name="dav">    2.99    3.00</time>
   <time name="total">   12.17   12.20</time>
   <energy>
    <i name="e_fr_energy">     -7.76889950 </i>
    <i name="e_wo_entrp">     -7.76889950 </i>
    <i name="e_0_energy">     -7.76889950 </i>
   </energy>
  </scstep>
  <scstep>
   <time name="dav">    2.10    2.11</time>
   <time name="total">   11.53   11.56</time>
   <energy>
    <i name="e_fr_energy">     -7.76890154 </i>
    <i name="e_wo_entrp">     -7.76890154 </i>
    <i name="e_0_energy">     -7.76890154 </i>
   </energy>
  </scstep>
  <scstep>
   <time name="dav">    2.95    2.95</time>
   <time name="total">   12.21   12.25</time>
   <energy>
    <i name="e_fr_energy">     -7.76890337 </i>
    <i name="e_wo_entrp">     -7.76890337 </i>
    <i name="e_0_energy">     -7.76890337 </i>
   </energy>
  </scstep>
  <scstep>
   <time name="dav">    2.11    2.12</time>
   <time name="total">   11.53   11.56</time>
   <energy>
    <i name="e_fr_energy">     -7.76890501 </i>
    <i name="e_wo_entrp">     -7.76890501 </i>
    <i name="e_0_energy">     -7.76890501 </i>
   </energy>
  </scstep>
  <scstep>
   <time name="dav">    2.97    2.98</time>
   <time name="total">   12.23   12.27</time>
   <energy>
    <i name="e_fr_energy">     -7.76890648 </i>
    <i name="e_wo_entrp">     -7.76890648 </i>
    <i name="e_0_energy">     -7.76890648 </i>
   </energy>
  </scstep>
  <scstep>
   <time name="dav">    2.96    2.97</time>
   <time name="total">   12.43   12.47</time>
   <energy>
    <i name="e_fr_energy">     -7.76890781 </i>
    <i name="e_wo_entrp">     -7.76890781 </i>
    <i name="e_0_energy">     -7.76890781 </i>
   </energy>
  </scstep>
  <scstep>
   <time name="dav">    2.99    3.00</time>
   <time name="total">   12.57   12.61</time>
   <energy>
    <i name="e_fr_energy">     -7.76890901 </i>
    <i name="e_wo_entrp">     -7.76890901 </i>
    <i name="e_0_energy">     -7.76890901 </i>
   </energy>
  </scstep>
  <scstep>
   <time name="dav">    2.97    2.98</time>
   <time name="total">   12.58   12.61</time>
   <energy>
    <i name="e_fr_energy">     -7.76891010 </i>
    <i name="e_wo_entrp">     -7.76891010 </i>
    <i name="e_0_energy">     -7.76891010 </i>
   </energy>
  </scstep>
  <scstep>
   <time name="dav">    2.08    2.09</time>
   <time name="total">   11.47   11.51</time>
   <energy>
    <i name="e_fr_energy">     -7.76891108 </i>
    <i name="e_wo_entrp">     -7.76891108 </i>
    <i name="e_0_energy">     -7.76891108 </i>
   </energy>
  </scstep>
  <scstep>
   <time name="dav">    2.09    2.10</time>
   <time name="total">   11.47   11.50</time>
   <energy>
    <i name="e_fr_energy">     -7.76891197 </i>
    <i name="e_wo_entrp">     -7.76891197 </i>
    <i name="e_0_energy">     -7.76891197 </i>
   </energy>
  </scstep>
  <scstep>
   <time name="dav">    2.09    2.09</time>
   <time name="total">   11.60   11.64</time>
   <energy>
    <i name="e_fr_energy">     -7.76891279 </i>
    <i name="e_wo_entrp">     -7.76891279 </i>
    <i name="e_0_energy">     -7.76891279 </i>
   </energy>
  </scstep>
  <scstep>
   <time name="dav">    2.10    2.10</time>
   <time name="total">   11.43   11.46</time>
   <energy>
    <i name="e_fr_energy">     -7.76891354 </i>
    <i name="e_wo_entrp">     -7.76891354 </i>
    <i name="e_0_energy">     -7.76891354 </i>
   </energy>
  </scstep>
  <scstep>
   <time name="dav">    2.07    2.08</time>
   <time name="total">   11.60   11.63</time>
   <energy>
    <i name="e_fr_energy">     -7.76891422 </i>
    <i name="e_wo_entrp">     -7.76891422 </i>
    <i name="e_0_energy">     -7.76891422 </i>
   </energy>
  </scstep>
  <scstep>
   <time name="dav">    2.12    2.12</time>
   <time name="total">   11.52   11.56</time>
   <energy>
    <i name="e_fr_energy">     -7.76891483 </i>
    <i name="e_wo_entrp">     -7.76891483 </i>
    <i name="e_0_energy">     -7.76891483 </i>
   </energy>
  </scstep>
  <scstep>
   <time name="dav">    2.08    2.08</time>
   <time name="total">   11.69   11.72</time>
   <energy>
    <i name="e_fr_energy">     -7.76891538 </i>
    <i name="e_wo_entrp">     -7.76891538 </i>
    <i name="e_0_energy">     -7.76891538 </i>
   </energy>
  </scstep>
  <scstep>
   <time name="dav">    2.07    2.07</time>
   <time name="total">   11.34   11.37</time>
   <energy>
    <i name="e_fr_energy">     -7.76891588 </i>
    <i name="e_wo_entrp">     -7.76891588 </i>
    <i name="e_0_energy">     -7.76891588 </i>
   </energy>
  </scstep>
  <scstep>
   <time name="dav">    2.94    2.95</time>
   <time name="total">   12.26   12.29</time>
   <energy>
    <i name="e_fr_energy">     -7.76891631 </i>
    <i name="e_wo_entrp">     -7.76891631 </i>
    <i name="e_0_energy">     -7.76891631 </i>
   </energy>
  </scstep>
  <scstep>
   <time name="dav">    2.09    2.09</time>
   <time name="total">   11.60   11.64</time>
   <energy>
    <i name="e_fr_energy">     -7.76891671 </i>
    <i name="e_wo_entrp">     -7.76891671 </i>
    <i name="e_0_energy">     -7.76891671 </i>
   </energy>
  </scstep>
  <scstep>
   <time name="dav">    3.04    3.05</time>
   <time name="total">   12.18   12.22</time>
   <energy>
    <i name="e_fr_energy">     -7.76891708 </i>
    <i name="e_wo_entrp">     -7.76891708 </i>
    <i name="e_0_energy">     -7.76891708 </i>
   </energy>
  </scstep>
  <scstep>
   <time name="dav">    2.98    2.99</time>
   <time name="total">   12.35   12.39</time>
   <energy>
    <i name="e_fr_energy">     -7.76891741 </i>
    <i name="e_wo_entrp">     -7.76891741 </i>
    <i name="e_0_energy">     -7.76891741 </i>
   </energy>
  </scstep>
  <scstep>
   <time name="dav">    2.06    2.07</time>
   <time name="total">   11.50   11.53</time>
   <energy>
    <i name="e_fr_energy">     -7.76891772 </i>
    <i name="e_wo_entrp">     -7.76891772 </i>
    <i name="e_0_energy">     -7.76891772 </i>
   </energy>
  </scstep>
  <scstep>
   <time name="dav">    2.08    2.09</time>
   <time name="total">   11.50   11.53</time>
   <energy>
    <i name="e_fr_energy">     -7.76891800 </i>
    <i name="e_wo_entrp">     -7.76891800 </i>
    <i name="e_0_energy">     -7.76891800 </i>
   </energy>
  </scstep>
  <scstep>
   <time name="dav">    2.08    2.08</time>
   <time name="total">   11.41   11.45</time>
   <energy>
    <i name="e_fr_energy">     -7.76891825 </i>
    <i name="e_wo_entrp">     -7.76891825 </i>
    <i name="e_0_energy">     -7.76891825 </i>
   </energy>
  </scstep>
  <scstep>
   <time name="dav">    2.08    2.09</time>
   <time name="total">   11.36   11.39</time>
   <energy>
    <i name="e_fr_energy">     -7.76891847 </i>
    <i name="e_wo_entrp">     -7.76891847 </i>
    <i name="e_0_energy">     -7.76891847 </i>
   </energy>
  </scstep>
  <scstep>
   <time name="dav">    2.09    2.09</time>
   <time name="total">   11.68   11.71</time>
   <energy>
    <i name="e_fr_energy">     -7.76891868 </i>
    <i name="e_wo_entrp">     -7.76891868 </i>
    <i name="e_0_energy">     -7.76891868 </i>
   </energy>
  </scstep>
  <scstep>
   <time name="dav">    2.09    2.10</time>
   <time name="total">   11.42   11.45</time>
   <energy>
    <i name="e_fr_energy">     -7.76891886 </i>
    <i name="e_wo_entrp">     -7.76891886 </i>
    <i name="e_0_energy">     -7.76891886 </i>
   </energy>
  </scstep>
  <scstep>
   <time name="dav">    2.07    2.08</time>
   <time name="total">   11.38   11.41</time>
   <energy>
    <i name="e_fr_energy">     -7.76891903 </i>
    <i name="e_wo_entrp">     -7.76891903 </i>
    <i name="e_0_energy">     -7.76891903 </i>
   </energy>
  </scstep>
  <scstep>
   <time name="dav">    2.08    2.08</time>
   <time name="total">   11.29   11.33</time>
   <energy>
    <i name="e_fr_energy">     -7.76891918 </i>
    <i name="e_wo_entrp">     -7.76891918 </i>
    <i name="e_0_energy">     -7.76891918 </i>
   </energy>
  </scstep>
  <scstep>
   <time name="dav">    2.11    2.11</time>
   <time name="total">   11.45   11.48</time>
   <energy>
    <i name="e_fr_energy">     -7.76891932 </i>
    <i name="e_wo_entrp">     -7.76891932 </i>
    <i name="e_0_energy">     -7.76891932 </i>
   </energy>
  </scstep>
  <scstep>
   <time name="dav">    2.06    2.07</time>
   <time name="total">   11.63   11.66</time>
   <energy>
    <i name="e_fr_energy">     -7.76891945 </i>
    <i name="e_wo_entrp">     -7.76891945 </i>
    <i name="e_0_energy">     -7.76891945 </i>
   </energy>
  </scstep>
  <scstep>
   <time name="dav">    2.09    2.09</time>
   <time name="total">   11.29   11.32</time>
   <energy>
    <i name="e_fr_energy">     -7.76891956 </i>
    <i name="e_wo_entrp">     -7.76891956 </i>
    <i name="e_0_energy">     -7.76891956 </i>
   </energy>
  </scstep>
  <scstep>
   <time name="dav">    2.09    2.10</time>
   <time name="total">   11.59   11.62</time>
   <energy>
    <i name="e_fr_energy">     -7.76891967 </i>
    <i name="e_wo_entrp">     -7.76891967 </i>
    <i name="e_0_energy">     -7.76891967 </i>
   </energy>
  </scstep>
  <scstep>
   <time name="dav">    2.11    2.12</time>
   <time name="total">   11.58   11.61</time>
   <energy>
    <i name="e_fr_energy">     -7.76891977 </i>
    <i name="e_wo_entrp">     -7.76891977 </i>
    <i name="e_0_energy">     -7.76891977 </i>
   </energy>
  </scstep>
  <scstep>
   <time name="dav">    2.09    2.09</time>
   <time name="total">   11.44   11.47</time>
   <energy>
    <i name="e_fr_energy">     -7.76891985 </i>
    <i name="e_wo_entrp">     -7.76891985 </i>
    <i name="e_0_energy">     -7.76891985 </i>
   </energy>
  </scstep>
  <scstep>
   <time name="dav">    2.10    2.10</time>
   <time name="total">   11.45   11.49</time>
   <energy>
    <i name="e_fr_energy">     -7.76891993 </i>
    <i name="e_wo_entrp">     -7.76891993 </i>
    <i name="e_0_energy">     -7.76891993 </i>
   </energy>
  </scstep>
  <scstep>
   <time name="dav">    2.09    2.10</time>
   <time name="total">   11.35   11.38</time>
   <energy>
    <i name="e_fr_energy">     -7.76892001 </i>
    <i name="e_wo_entrp">     -7.76892001 </i>
    <i name="e_0_energy">     -7.76892001 </i>
   </energy>
  </scstep>
  <scstep>
   <time name="dav">    2.07    2.08</time>
   <time name="total">   11.38   11.42</time>
   <energy>
    <i name="e_fr_energy">     -7.76892007 </i>
    <i name="e_wo_entrp">     -7.76892007 </i>
    <i name="e_0_energy">     -7.76892007 </i>
   </energy>
  </scstep>
  <scstep>
   <time name="dav">    2.12    2.13</time>
   <time name="total">   11.39   11.43</time>
   <energy>
    <i name="e_fr_energy">     -7.76892013 </i>
    <i name="e_wo_entrp">     -7.76892013 </i>
    <i name="e_0_energy">     -7.76892013 </i>
   </energy>
  </scstep>
  <scstep>
   <time name="dav">    2.09    2.09</time>
   <time name="total">   11.51   11.55</time>
   <energy>
    <i name="e_fr_energy">     -7.76892019 </i>
    <i name="e_wo_entrp">     -7.76892019 </i>
    <i name="e_0_energy">     -7.76892019 </i>
   </energy>
  </scstep>
  <scstep>
   <time name="dav">    2.05    2.06</time>
   <time name="total">   11.31   11.34</time>
   <energy>
    <i name="e_fr_energy">     -7.76892024 </i>
    <i name="e_wo_entrp">     -7.76892024 </i>
    <i name="e_0_energy">     -7.76892024 </i>
   </energy>
  </scstep>
  <scstep>
   <time name="dav">    2.09    2.10</time>
   <time name="total">   11.40   11.44</time>
   <energy>
    <i name="e_fr_energy">     -7.76892029 </i>
    <i name="e_wo_entrp">     -7.76892029 </i>
    <i name="e_0_energy">     -7.76892029 </i>
   </energy>
  </scstep>
  <scstep>
   <time name="dav">    2.10    2.10</time>
   <time name="total">   11.30   11.34</time>
   <energy>
    <i name="e_fr_energy">     -7.76892033 </i>
    <i name="e_wo_entrp">     -7.76892033 </i>
    <i name="e_0_energy">     -7.76892033 </i>
   </energy>
  </scstep>
  <scstep>
   <time name="dav">    2.08    2.08</time>
   <time name="total">   11.38   11.41</time>
   <energy>
    <i name="e_fr_energy">     -7.76892037 </i>
    <i name="e_wo_entrp">     -7.76892037 </i>
    <i name="e_0_energy">     -7.76892037 </i>
   </energy>
  </scstep>
  <scstep>
   <time name="dav">    2.08    2.08</time>
   <time name="total">   11.37   11.40</time>
   <energy>
    <i name="e_fr_energy">     -7.76892041 </i>
    <i name="e_wo_entrp">     -7.76892041 </i>
    <i name="e_0_energy">     -7.76892041 </i>
   </energy>
  </scstep>
  <scstep>
   <time name="dav">    2.10    2.11</time>
   <time name="total">   11.31   11.35</time>
   <energy>
    <i name="e_fr_energy">     -7.76892044 </i>
    <i name="e_wo_entrp">     -7.76892044 </i>
    <i name="e_0_energy">     -7.76892044 </i>
   </energy>
  </scstep>
  <scstep>
   <time name="dav">    2.09    2.10</time>
   <time name="total">   11.65   11.68</time>
   <energy>
    <i name="e_fr_energy">     -7.76892047 </i>
    <i name="e_wo_entrp">     -7.76892047 </i>
    <i name="e_0_energy">     -7.76892047 </i>
   </energy>
  </scstep>
  <scstep>
   <time name="dav">    2.09    2.10</time>
   <time name="total">   11.49   11.54</time>
   <energy>
    <i name="e_fr_energy">     -7.76892050 </i>
    <i name="e_wo_entrp">     -7.76892050 </i>
    <i name="e_0_energy">     -7.76892050 </i>
   </energy>
  </scstep>
  <scstep>
   <time name="dav">    2.10    2.10</time>
   <time name="total">   11.35   11.38</time>
   <energy>
    <i name="e_fr_energy">     -7.76892052 </i>
    <i name="e_wo_entrp">     -7.76892052 </i>
    <i name="e_0_energy">     -7.76892052 </i>
   </energy>
  </scstep>
  <scstep>
   <time name="dav">    2.09    2.09</time>
   <time name="total">   11.46   11.50</time>
   <energy>
    <i name="e_fr_energy">     -7.76892055 </i>
    <i name="e_wo_entrp">     -7.76892055 </i>
    <i name="e_0_energy">     -7.76892055 </i>
   </energy>
  </scstep>
  <scstep>
   <time name="dav">    2.09    2.10</time>
   <time name="total">   11.53   11.57</time>
   <energy>
    <i name="e_fr_energy">     -7.76892057 </i>
    <i name="e_wo_entrp">     -7.76892057 </i>
    <i name="e_0_energy">     -7.76892057 </i>
   </energy>
  </scstep>
  <scstep>
   <time name="dav">    2.08    2.08</time>
   <time name="total">   11.47   11.50</time>
   <energy>
    <i name="e_fr_energy">     -7.76892059 </i>
    <i name="e_wo_entrp">     -7.76892059 </i>
    <i name="e_0_energy">     -7.76892059 </i>
   </energy>
  </scstep>
  <scstep>
   <time name="dav">    2.09    2.10</time>
   <time name="total">   11.28   11.32</time>
   <energy>
    <i name="e_fr_energy">     -7.76892060 </i>
    <i name="e_wo_entrp">     -7.76892060 </i>
    <i name="e_0_energy">     -7.76892060 </i>
   </energy>
  </scstep>
  <scstep>
   <time name="dav">    2.10    2.10</time>
   <time name="total">   11.55   11.59</time>
   <energy>
    <i name="e_fr_energy">     -7.76892062 </i>
    <i name="e_wo_entrp">     -7.76892062 </i>
    <i name="e_0_energy">     -7.76892062 </i>
   </energy>
  </scstep>
  <scstep>
   <time name="dav">    2.09    2.09</time>
   <time name="total">   11.51   11.57</time>
   <energy>
    <i name="e_fr_energy">     -7.76892064 </i>
    <i name="e_wo_entrp">     -7.76892064 </i>
    <i name="e_0_energy">     -7.76892064 </i>
   </energy>
  </scstep>
  <scstep>
   <time name="dav">    2.09    2.10</time>
   <time name="total">   11.58   11.62</time>
   <energy>
    <i name="e_fr_energy">     -7.76892065 </i>
    <i name="e_wo_entrp">     -7.76892065 </i>
    <i name="e_0_energy">     -7.76892065 </i>
   </energy>
  </scstep>
  <scstep>
   <time name="dav">    2.06    2.07</time>
   <time name="total">   11.37   11.40</time>
   <energy>
    <i name="e_fr_energy">     -7.76892066 </i>
    <i name="e_wo_entrp">     -7.76892066 </i>
    <i name="e_0_energy">     -7.76892066 </i>
   </energy>
  </scstep>
  <scstep>
   <time name="dav">    2.10    2.10</time>
   <time name="total">   11.47   11.50</time>
   <energy>
    <i name="e_fr_energy">     -7.76892067 </i>
    <i name="e_wo_entrp">     -7.76892067 </i>
    <i name="e_0_energy">     -7.76892067 </i>
   </energy>
  </scstep>
  <scstep>
   <time name="dav">    2.06    2.06</time>
   <time name="total">   11.23   11.26</time>
   <energy>
    <i name="e_fr_energy">     -7.76892068 </i>
    <i name="e_wo_entrp">     -7.76892068 </i>
    <i name="e_0_energy">     -7.76892068 </i>
   </energy>
  </scstep>
  <scstep>
   <time name="dav">    2.99    3.00</time>
   <time name="total">    5.42    5.44</time>
   <energy>
    <i name="alphaZ">      0.04117169 </i>
    <i name="ewald">    -49.02777601 </i>
    <i name="hartreedc">   -326.76131502 </i>
    <i name="XCdc">     11.62778530 </i>
    <i name="pawpsdc">    375.43017475 </i>
    <i name="pawaedc">   -375.00142648 </i>
    <i name="eentropy">      0.00000000 </i>
    <i name="bandstr">   -117.90002369 </i>
    <i name="atom">    424.04334389 </i>
    <i name="e_fr_energy">     -7.76892069 </i>
    <i name="e_wo_entrp">     -7.76892069 </i>
    <i name="e_0_energy">     -7.76892069 </i>
   </energy>
  </scstep>
  <structure>
   <crystal>
    <varray name="basis" >
     <v>      15.00000000       0.00000000       0.00000000 </v>
     <v>       0.00000000      15.00000000       0.00000000 </v>
     <v>       0.00000000       0.00000000      15.00000000 </v>
    </varray>
    <i name="volume">   3375.00000000 </i>
    <varray name="rec_basis" >
     <v>       0.06666667       0.00000000       0.00000000 </v>
     <v>       0.00000000       0.06666667       0.00000000 </v>
     <v>       0.00000000       0.00000000       0.06666667 </v>
    </varray>
   </crystal>
   <varray name="positions" >
    <v>       0.50000000       0.50000000       0.50000000 </v>
   </varray>
  </structure>
  <varray name="forces" >
   <v>       0.00000000       0.00000000       0.00000000 </v>
  </varray>
  <varray name="stress" >
   <v>      -0.00304215      -0.00000000       0.00000000 </v>
   <v>       0.00000000      -0.00304215       0.00000000 </v>
   <v>      -0.00000000      -0.00000000      -0.00304215 </v>
  </varray>
  <energy>
   <i name="e_fr_energy">     -7.76892069 </i>
   <i name="e_wo_entrp">     -7.76892069 </i>
   <i name="e_0_energy">      0.00000000 </i>
  </energy>
  <time name="totalsc"> 1121.45 1124.86</time>
  <eigenvalues>
   <array>
    <dimension dim="1">band</dimension>
    <dimension dim="2">kpoint</dimension>
    <dimension dim="3">spin</dimension>
    <field>eigene</field>
    <field>occ</field>
    <set>
     <set comment="spin 1">
      <set comment="kpoint 1">
       <r>  -30.6065    1.0000 </r>
       <r>  -14.5015    1.0000 </r>
       <r>  -13.8420    1.0000 </r>
       <r>   -3.0151    0.0000 </r>
       <r>   -0.0004    0.0000 </r>
       <r>    0.6506    0.0000 </r>
       <r>    0.6697    0.0000 </r>
       <r>    0.6702    0.0000 </r>
      </set>
      <set comment="kpoint 2">
       <r>  -30.6065    1.0000 </r>
       <r>  -14.5015    1.0000 </r>
       <r>  -13.8420    1.0000 </r>
       <r>   -3.0151    0.0000 </r>
       <r>    0.1609    0.0000 </r>
       <r>    0.1746    0.0000 </r>
       <r>    0.8223    0.0000 </r>
       <r>    0.8362    0.0000 </r>
      </set>
      <set comment="kpoint 3">
       <r>  -30.6065    1.0000 </r>
       <r>  -14.5015    1.0000 </r>
       <r>  -13.8420    1.0000 </r>
       <r>   -3.0151    0.0000 </r>
       <r>    0.3176    0.0000 </r>
       <r>    0.3405    0.0000 </r>
       <r>    0.3405    0.0000 </r>
       <r>    0.3449    0.0000 </r>
      </set>
      <set comment="kpoint 4">
       <r>  -30.6065    1.0000 </r>
       <r>  -14.5015    1.0000 </r>
       <r>  -13.8420    1.0000 </r>
       <r>   -3.0151    0.0000 </r>
       <r>    0.4690    0.0000 </r>
       <r>    0.5052    0.0000 </r>
       <r>    0.5100    0.0000 </r>
       <r>    0.5100    0.0000 </r>
      </set>
     </set>
    </set>
   </array>
  </eigenvalues>
  <separator name="orbital magnetization" >
   <v name="MAGDIPOLOUT">      0.00000000      0.00000000      0.00000000</v>
  </separator>
  <dos>
   <i name="efermi">    -13.78989459 </i>
   <total>
    <array>
     <dimension dim="1">gridpoints</dimension>
     <dimension dim="2">spin</dimension>
     <field>energy</field>
     <field>total</field>
     <field>integrated</field>
     <set>
      <set comment="spin 1">
       <r>   -32.1787     0.0000     0.0000 </r>
       <r>   -32.0634     0.0000     0.0000 </r>
       <r>   -31.9481     0.0000     0.0000 </r>
       <r>   -31.8328     0.0000     0.0000 </r>
       <r>   -31.7175     0.0000     0.0000 </r>
       <r>   -31.6022     0.0000     0.0000 </r>
       <r>   -31.4869     0.0000     0.0000 </r>
       <r>   -31.3716     0.0000     0.0000 </r>
       <r>   -31.2563     0.0000     0.0000 </r>
       <r>   -31.1410     0.0000     0.0000 </r>
       <r>   -31.0258     0.0000     0.0000 </r>
       <r>   -30.9105     0.0000     0.0000 </r>
       <r>   -30.7952     0.0000     0.0000 </r>
       <r>   -30.6799     0.0000     0.0000 </r>
       <r>   -30.5646     0.0000     2.0000 </r>
       <r>   -30.4493     0.0000     2.0000 </r>
       <r>   -30.3340     0.0000     2.0000 </r>
       <r>   -30.2187     0.0000     2.0000 </r>
       <r>   -30.1034     0.0000     2.0000 </r>
       <r>   -29.9881     0.0000     2.0000 </r>
       <r>   -29.8729     0.0000     2.0000 </r>
       <r>   -29.7576     0.0000     2.0000 </r>
       <r>   -29.6423     0.0000     2.0000 </r>
       <r>   -29.5270     0.0000     2.0000 </r>
       <r>   -29.4117     0.0000     2.0000 </r>
       <r>   -29.2964     0.0000     2.0000 </r>
       <r>   -29.1811     0.0000     2.0000 </r>
       <r>   -29.0658     0.0000     2.0000 </r>
       <r>   -28.9505     0.0000     2.0000 </r>
       <r>   -28.8352     0.0000     2.0000 </r>
       <r>   -28.7200     0.0000     2.0000 </r>
       <r>   -28.6047     0.0000     2.0000 </r>
       <r>   -28.4894     0.0000     2.0000 </r>
       <r>   -28.3741     0.0000     2.0000 </r>
       <r>   -28.2588     0.0000     2.0000 </r>
       <r>   -28.1435     0.0000     2.0000 </r>
       <r>   -28.0282     0.0000     2.0000 </r>
       <r>   -27.9129     0.0000     2.0000 </r>
       <r>   -27.7976     0.0000     2.0000 </r>
       <r>   -27.6823     0.0000     2.0000 </r>
       <r>   -27.5671     0.0000     2.0000 </r>
       <r>   -27.4518     0.0000     2.0000 </r>
       <r>   -27.3365     0.0000     2.0000 </r>
       <r>   -27.2212     0.0000     2.0000 </r>
       <r>   -27.1059     0.0000     2.0000 </r>
       <r>   -26.9906     0.0000     2.0000 </r>
       <r>   -26.8753     0.0000     2.0000 </r>
       <r>   -26.7600     0.0000     2.0000 </r>
       <r>   -26.6447     0.0000     2.0000 </r>
       <r>   -26.5294     0.0000     2.0000 </r>
       <r>   -26.4142     0.0000     2.0000 </r>
       <r>   -26.2989     0.0000     2.0000 </r>
       <r>   -26.1836     0.0000     2.0000 </r>
       <r>   -26.0683     0.0000     2.0000 </r>
       <r>   -25.9530     0.0000     2.0000 </r>
       <r>   -25.8377     0.0000     2.0000 </r>
       <r>   -25.7224     0.0000     2.0000 </r>
       <r>   -25.6071     0.0000     2.0000 </r>
       <r>   -25.4918     0.0000     2.0000 </r>
       <r>   -25.3765     0.0000     2.0000 </r>
       <r>   -25.2613     0.0000     2.0000 </r>
       <r>   -25.1460     0.0000     2.0000 </r>
       <r>   -25.0307     0.0000     2.0000 </r>
       <r>   -24.9154     0.0000     2.0000 </r>
       <r>   -24.8001     0.0000     2.0000 </r>
       <r>   -24.6848     0.0000     2.0000 </r>
       <r>   -24.5695     0.0000     2.0000 </r>
       <r>   -24.4542     0.0000     2.0000 </r>
       <r>   -24.3389     0.0000     2.0000 </r>
       <r>   -24.2236     0.0000     2.0000 </r>
       <r>   -24.1084     0.0000     2.0000 </r>
       <r>   -23.9931     0.0000     2.0000 </r>
       <r>   -23.8778     0.0000     2.0000 </r>
       <r>   -23.7625     0.0000     2.0000 </r>
       <r>   -23.6472     0.0000     2.0000 </r>
       <r>   -23.5319     0.0000     2.0000 </r>
       <r>   -23.4166     0.0000     2.0000 </r>
       <r>   -23.3013     0.0000     2.0000 </r>
       <r>   -23.1860     0.0000     2.0000 </r>
       <r>   -23.0707     0.0000     2.0000 </r>
       <r>   -22.9555     0.0000     2.0000 </r>
       <r>   -22.8402     0.0000     2.0000 </r>
       <r>   -22.7249     0.0000     2.0000 </r>
       <r>   -22.6096     0.0000     2.0000 </r>
       <r>   -22.4943     0.0000     2.0000 </r>
       <r>   -22.3790     0.0000     2.0000 </r>
       <r>   -22.2637     0.0000     2.0000 </r>
       <r>   -22.1484     0.0000     2.0000 </r>
       <r>   -22.0331     0.0000     2.0000 </r>
       <r>   -21.9178     0.0000     2.0000 </r>
       <r>   -21.8026     0.0000     2.0000 </r>
       <r>   -21.6873     0.0000     2.0000 </r>
       <r>   -21.5720     0.0000     2.0000 </r>
       <r>   -21.4567     0.0000     2.0000 </r>
       <r>   -21.3414     0.0000     2.0000 </r>
       <r>   -21.2261     0.0000     2.0000 </r>
       <r>   -21.1108     0.0000     2.0000 </r>
       <r>   -20.9955     0.0000     2.0000 </r>
       <r>   -20.8802     0.0000     2.0000 </r>
       <r>   -20.7649     0.0000     2.0000 </r>
       <r>   -20.6497     0.0000     2.0000 </r>
       <r>   -20.5344     0.0000     2.0000 </r>
       <r>   -20.4191     0.0000     2.0000 </r>
       <r>   -20.3038     0.0000     2.0000 </r>
       <r>   -20.1885     0.0000     2.0000 </r>
       <r>   -20.0732     0.0000     2.0000 </r>
       <r>   -19.9579     0.0000     2.0000 </r>
       <r>   -19.8426     0.0000     2.0000 </r>
       <r>   -19.7273     0.0000     2.0000 </r>
       <r>   -19.6120     0.0000     2.0000 </r>
       <r>   -19.4968     0.0000     2.0000 </r>
       <r>   -19.3815     0.0000     2.0000 </r>
       <r>   -19.2662     0.0000     2.0000 </r>
       <r>   -19.1509     0.0000     2.0000 </r>
       <r>   -19.0356     0.0000     2.0000 </r>
       <r>   -18.9203     0.0000     2.0000 </r>
       <r>   -18.8050     0.0000     2.0000 </r>
       <r>   -18.6897     0.0000     2.0000 </r>
       <r>   -18.5744     0.0000     2.0000 </r>
       <r>   -18.4591     0.0000     2.0000 </r>
       <r>   -18.3439     0.0000     2.0000 </r>
       <r>   -18.2286     0.0000     2.0000 </r>
       <r>   -18.1133     0.0000     2.0000 </r>
       <r>   -17.9980     0.0000     2.0000 </r>
       <r>   -17.8827     0.0000     2.0000 </r>
       <r>   -17.7674     0.0000     2.0000 </r>
       <r>   -17.6521     0.0000     2.0000 </r>
       <r>   -17.5368     0.0000     2.0000 </r>
       <r>   -17.4215     0.0000     2.0000 </r>
       <r>   -17.3062     0.0000     2.0000 </r>
       <r>   -17.1910     0.0000     2.0000 </r>
       <r>   -17.0757     0.0000     2.0000 </r>
       <r>   -16.9604     0.0000     2.0000 </r>
       <r>   -16.8451     0.0000     2.0000 </r>
       <r>   -16.7298     0.0000     2.0000 </r>
       <r>   -16.6145     0.0000     2.0000 </r>
       <r>   -16.4992     0.0000     2.0000 </r>
       <r>   -16.3839     0.0000     2.0000 </r>
       <r>   -16.2686     0.0000     2.0000 </r>
       <r>   -16.1533     0.0000     2.0000 </r>
       <r>   -16.0381     0.0000     2.0000 </r>
       <r>   -15.9228     0.0000     2.0000 </r>
       <r>   -15.8075     0.0000     2.0000 </r>
       <r>   -15.6922     0.0000     2.0000 </r>
       <r>   -15.5769     0.0000     2.0000 </r>
       <r>   -15.4616     0.0000     2.0000 </r>
       <r>   -15.3463     0.0000     2.0000 </r>
       <r>   -15.2310     0.0000     2.0000 </r>
       <r>   -15.1157     0.0000     2.0000 </r>
       <r>   -15.0004     0.0000     2.0000 </r>
       <r>   -14.8851     0.0000     2.0000 </r>
       <r>   -14.7699     0.0000     2.0000 </r>
       <r>   -14.6546     0.0000     2.0000 </r>
       <r>   -14.5393     0.0000     2.0000 </r>
       <r>   -14.4240     0.0000     4.0000 </r>
       <r>   -14.3087     0.0000     4.0000 </r>
       <r>   -14.1934     0.0000     4.0000 </r>
       <r>   -14.0781     0.0000     4.0000 </r>
       <r>   -13.9628     0.0000     4.0000 </r>
       <r>   -13.8475     0.0000     4.0000 </r>
       <r>   -13.7322     0.0000     6.0000 </r>
       <r>   -13.6170     0.0000     6.0000 </r>
       <r>   -13.5017     0.0000     6.0000 </r>
       <r>   -13.3864     0.0000     6.0000 </r>
       <r>   -13.2711     0.0000     6.0000 </r>
       <r>   -13.1558     0.0000     6.0000 </r>
       <r>   -13.0405     0.0000     6.0000 </r>
       <r>   -12.9252     0.0000     6.0000 </r>
       <r>   -12.8099     0.0000     6.0000 </r>
       <r>   -12.6946     0.0000     6.0000 </r>
       <r>   -12.5793     0.0000     6.0000 </r>
       <r>   -12.4641     0.0000     6.0000 </r>
       <r>   -12.3488     0.0000     6.0000 </r>
       <r>   -12.2335     0.0000     6.0000 </r>
       <r>   -12.1182     0.0000     6.0000 </r>
       <r>   -12.0029     0.0000     6.0000 </r>
       <r>   -11.8876     0.0000     6.0000 </r>
       <r>   -11.7723     0.0000     6.0000 </r>
       <r>   -11.6570     0.0000     6.0000 </r>
       <r>   -11.5417     0.0000     6.0000 </r>
       <r>   -11.4264     0.0000     6.0000 </r>
       <r>   -11.3112     0.0000     6.0000 </r>
       <r>   -11.1959     0.0000     6.0000 </r>
       <r>   -11.0806     0.0000     6.0000 </r>
       <r>   -10.9653     0.0000     6.0000 </r>
       <r>   -10.8500     0.0000     6.0000 </r>
       <r>   -10.7347     0.0000     6.0000 </r>
       <r>   -10.6194     0.0000     6.0000 </r>
       <r>   -10.5041     0.0000     6.0000 </r>
       <r>   -10.3888     0.0000     6.0000 </r>
       <r>   -10.2735     0.0000     6.0000 </r>
       <r>   -10.1583     0.0000     6.0000 </r>
       <r>   -10.0430     0.0000     6.0000 </r>
       <r>    -9.9277     0.0000     6.0000 </r>
       <r>    -9.8124     0.0000     6.0000 </r>
       <r>    -9.6971     0.0000     6.0000 </r>
       <r>    -9.5818     0.0000     6.0000 </r>
       <r>    -9.4665     0.0000     6.0000 </r>
       <r>    -9.3512     0.0000     6.0000 </r>
       <r>    -9.2359     0.0000     6.0000 </r>
       <r>    -9.1206     0.0000     6.0000 </r>
       <r>    -9.0054     0.0000     6.0000 </r>
       <r>    -8.8901     0.0000     6.0000 </r>
       <r>    -8.7748     0.0000     6.0000 </r>
       <r>    -8.6595     0.0000     6.0000 </r>
       <r>    -8.5442     0.0000     6.0000 </r>
       <r>    -8.4289     0.0000     6.0000 </r>
       <r>    -8.3136     0.0000     6.0000 </r>
       <r>    -8.1983     0.0000     6.0000 </r>
       <r>    -8.0830     0.0000     6.0000 </r>
       <r>    -7.9677     0.0000     6.0000 </r>
       <r>    -7.8525     0.0000     6.0000 </r>
       <r>    -7.7372     0.0000     6.0000 </r>
       <r>    -7.6219     0.0000     6.0000 </r>
       <r>    -7.5066     0.0000     6.0000 </r>
       <r>    -7.3913     0.0000     6.0000 </r>
       <r>    -7.2760     0.0000     6.0000 </r>
       <r>    -7.1607     0.0000     6.0000 </r>
       <r>    -7.0454     0.0000     6.0000 </r>
       <r>    -6.9301     0.0000     6.0000 </r>
       <r>    -6.8148     0.0000     6.0000 </r>
       <r>    -6.6996     0.0000     6.0000 </r>
       <r>    -6.5843     0.0000     6.0000 </r>
       <r>    -6.4690     0.0000     6.0000 </r>
       <r>    -6.3537     0.0000     6.0000 </r>
       <r>    -6.2384     0.0000     6.0000 </r>
       <r>    -6.1231     0.0000     6.0000 </r>
       <r>    -6.0078     0.0000     6.0000 </r>
       <r>    -5.8925     0.0000     6.0000 </r>
       <r>    -5.7772     0.0000     6.0000 </r>
       <r>    -5.6619     0.0000     6.0000 </r>
       <r>    -5.5467     0.0000     6.0000 </r>
       <r>    -5.4314     0.0000     6.0000 </r>
       <r>    -5.3161     0.0000     6.0000 </r>
       <r>    -5.2008     0.0000     6.0000 </r>
       <r>    -5.0855     0.0000     6.0000 </r>
       <r>    -4.9702     0.0000     6.0000 </r>
       <r>    -4.8549     0.0000     6.0000 </r>
       <r>    -4.7396     0.0000     6.0000 </r>
       <r>    -4.6243     0.0000     6.0000 </r>
       <r>    -4.5090     0.0000     6.0000 </r>
       <r>    -4.3938     0.0000     6.0000 </r>
       <r>    -4.2785     0.0000     6.0000 </r>
       <r>    -4.1632     0.0000     6.0000 </r>
       <r>    -4.0479     0.0000     6.0000 </r>
       <r>    -3.9326     0.0000     6.0000 </r>
       <r>    -3.8173     0.0000     6.0000 </r>
       <r>    -3.7020     0.0000     6.0000 </r>
       <r>    -3.5867     0.0000     6.0000 </r>
       <r>    -3.4714     0.0000     6.0000 </r>
       <r>    -3.3561     0.0000     6.0000 </r>
       <r>    -3.2409     0.0000     6.0000 </r>
       <r>    -3.1256     0.0000     6.0000 </r>
       <r>    -3.0103     0.0000     8.0000 </r>
       <r>    -2.8950     0.0000     8.0000 </r>
       <r>    -2.7797     0.0000     8.0000 </r>
       <r>    -2.6644     0.0000     8.0000 </r>
       <r>    -2.5491     0.0000     8.0000 </r>
       <r>    -2.4338     0.0000     8.0000 </r>
       <r>    -2.3185     0.0000     8.0000 </r>
       <r>    -2.2032     0.0000     8.0000 </r>
       <r>    -2.0880     0.0000     8.0000 </r>
       <r>    -1.9727     0.0000     8.0000 </r>
       <r>    -1.8574     0.0000     8.0000 </r>
       <r>    -1.7421     0.0000     8.0000 </r>
       <r>    -1.6268     0.0000     8.0000 </r>
       <r>    -1.5115     0.0000     8.0000 </r>
       <r>    -1.3962     0.0000     8.0000 </r>
       <r>    -1.2809     0.0000     8.0000 </r>
       <r>    -1.1656     0.0000     8.0000 </r>
       <r>    -1.0503     0.0000     8.0000 </r>
       <r>    -0.9351     0.0000     8.0000 </r>
       <r>    -0.8198     0.0000     8.0000 </r>
       <r>    -0.7045     0.0000     8.0000 </r>
       <r>    -0.5892     0.0000     8.0000 </r>
       <r>    -0.4739     0.0000     8.0000 </r>
       <r>    -0.3586     0.0000     8.0000 </r>
       <r>    -0.2433     0.0000     8.0000 </r>
       <r>    -0.1280     0.0000     8.0000 </r>
       <r>    -0.0127     0.0000     8.0000 </r>
       <r>     0.1026     2.5828     8.0887 </r>
       <r>     0.2178    14.5782     8.9242 </r>
       <r>     0.3331    13.6830    10.8298 </r>
       <r>     0.4484    12.0520    12.2257 </r>
       <r>     0.5637    12.9246    13.6910 </r>
       <r>     0.6790    10.6104    15.0822 </r>
       <r>     0.7943     3.3018    15.9390 </r>
       <r>     0.9096     0.0000    16.0000 </r>
       <r>     1.0249     0.0000    16.0000 </r>
       <r>     1.1402     0.0000    16.0000 </r>
       <r>     1.2555     0.0000    16.0000 </r>
       <r>     1.3707     0.0000    16.0000 </r>
       <r>     1.4860     0.0000    16.0000 </r>
       <r>     1.6013     0.0000    16.0000 </r>
       <r>     1.7166     0.0000    16.0000 </r>
       <r>     1.8319     0.0000    16.0000 </r>
       <r>     1.9472     0.0000    16.0000 </r>
       <r>     2.0625     0.0000    16.0000 </r>
       <r>     2.1778     0.0000    16.0000 </r>
       <r>     2.2931     0.0000    16.0000 </r>
       <r>     2.4084     0.0000    16.0000 </r>
      </set>
     </set>
    </array>
   </total>
  </dos>
 </calculation>
 <structure name="finalpos" >
  <crystal>
   <varray name="basis" >
    <v>      15.00000000       0.00000000       0.00000000 </v>
    <v>       0.00000000      15.00000000       0.00000000 </v>
    <v>       0.00000000       0.00000000      15.00000000 </v>
   </varray>
   <i name="volume">   3375.00000000 </i>
   <varray name="rec_basis" >
    <v>       0.06666667       0.00000000       0.00000000 </v>
    <v>       0.00000000       0.06666667       0.00000000 </v>
    <v>       0.00000000       0.00000000       0.06666667 </v>
   </varray>
  </crystal>
  <varray name="positions" >
   <v>       0.50000000       0.50000000       0.50000000 </v>
  </varray>
 </structure>
</modeling>
