<?xml version="1.0" encoding="ISO-8859-1"?>
<modeling>
 <generator>
  <i name="program" type="string">vasp </i>
  <i name="version" type="string">5.4.4.18Apr17-6-g9f103f2a35  </i>
  <i name="subversion" type="string">(build Jul 30 2020 14:31:59) complex            parallel </i>
  <i name="platform" type="string">LinuxIFC </i>
  <i name="date" type="string">2024 07 31 </i>
  <i name="time" type="string">04:32:05 </i>
 </generator>
 <incar>
  <i type="string" name="SYSTEM">  ZnO_Bulk</i>
  <i type="int" name="ISTART">     1</i>
  <i type="string" name="PREC">accurate</i>
  <i type="int" name="IALGO">    38</i>
  <i type="logical" name="ADDGRID"> T  </i>
  <i type="int" name="NELM">   200</i>
  <i type="int" name="IBRION">     1</i>
  <i name="EDIFF">      0.00000001</i>
  <i name="EDIFFG">     -0.00040000</i>
  <i type="int" name="NSW">     0</i>
  <i type="int" name="ISIF">     4</i>
  <i type="int" name="IWAVPR">    11</i>
  <i type="int" name="ISYM">     1</i>
  <i name="SYMPREC">      0.00000001</i>
  <i type="int" name="NBLOCK">     1</i>
  <i type="int" name="KBLOCK">    40</i>
  <i name="ENMAX">    950.00000000</i>
  <i type="logical" name="LREAL"> F  </i>
  <i name="TIME">      0.30000000</i>
  <i type="int" name="ISMEAR">    -5</i>
  <i name="SIGMA">      0.01000000</i>
  <i type="logical" name="LCORR"> T  </i>
  <i type="logical" name="LWAVE"> T  </i>
  <i type="logical" name="LCHARG"> F  </i>
  <i type="logical" name="LASPH"> T  </i>
  <v type="int" name="KPOINT_BSE">    -1     0     0     0</v>
  <i type="int" name="NELM">   200</i>
  <i type="logical" name="LHFCALC"> T  </i>
  <i type="string" name="GGA"> PS</i>
  <i name="AEXX">      0.60000000</i>
  <i type="string" name="PRECFOCK">fast</i>
  <i type="logical" name="LASPH"> T  </i>
 </incar>
 <structure name="primitive_cell" >
  <crystal>
   <varray name="basis" >
    <v>      15.00000000       0.00000000       0.00000000 </v>
    <v>       0.00000000      15.00000000       0.00000000 </v>
    <v>       0.00000000       0.00000000      15.00000000 </v>
   </varray>
   <i name="volume">   3375.00000000 </i>
   <varray name="rec_basis" >
    <v>       0.06666667       0.00000000       0.00000000 </v>
    <v>       0.00000000       0.06666667       0.00000000 </v>
    <v>       0.00000000       0.00000000       0.06666667 </v>
   </varray>
  </crystal>
  <varray name="positions" >
   <v>      -0.50000000      -0.50000000      -0.50000000 </v>
  </varray>
 </structure>
 <varray name="primitive_index" >
  <v type="int" >        1 </v>
 </varray>
 <kpoints>
  <generation param="Gamma">
   <v type="int" name="divisions">       2        2        2 </v>
   <v name="usershift">      0.00000000       0.00000000       0.00000000 </v>
   <v name="genvec1">      0.50000000       0.00000000       0.00000000 </v>
   <v name="genvec2">      0.00000000       0.50000000       0.00000000 </v>
   <v name="genvec3">      0.00000000       0.00000000       0.50000000 </v>
   <v name="shift">      0.00000000       0.00000000       0.00000000 </v>
  </generation>
  <varray name="kpointlist" >
   <v>       0.00000000       0.00000000       0.00000000 </v>
   <v>       0.50000000       0.00000000       0.00000000 </v>
   <v>       0.50000000       0.50000000       0.00000000 </v>
   <v>       0.50000000       0.50000000       0.50000000 </v>
  </varray>
  <varray name="weights" >
   <v>       0.12500000 </v>
   <v>       0.37500000 </v>
   <v>       0.37500000 </v>
   <v>       0.12500000 </v>
  </varray>
  <varray name="tetrahedronlist"  type="int" >
   <v type="int" >       12        1        2        2        3 </v>
   <v type="int" >       12        2        2        3        3 </v>
   <v type="int" >       12        2        3        3        4 </v>
   <v type="int" >       12        1        2        3        4 </v>
  </varray>
  <i name="volumeweight">      0.02083333 </i>
 </kpoints>
 <parameters>
  <separator name="general" >
   <i type="string" name="SYSTEM">ZnO_Bulk</i>
   <i type="logical" name="LCOMPAT"> F  </i>
  </separator>
  <separator name="electronic" >
   <i type="string" name="PREC">accura</i>
   <i name="ENMAX">    950.00000000</i>
   <i name="ENAUG">    442.89900000</i>
   <i name="EDIFF">      0.00000001</i>
   <i type="int" name="IALGO">    38</i>
   <i type="int" name="IWAVPR">    11</i>
   <i type="int" name="NBANDS">    12</i>
   <i name="NELECT">     15.00000000</i>
   <i type="int" name="TURBO">     0</i>
   <i type="int" name="IRESTART">     0</i>
   <i type="int" name="NREBOOT">     0</i>
   <i type="int" name="NMIN">     0</i>
   <i name="EREF">      0.00000000</i>
   <separator name="electronic smearing" >
    <i type="int" name="ISMEAR">    -5</i>
    <i name="SIGMA">      0.01000000</i>
    <i name="KSPACING">      0.50000000</i>
    <i type="logical" name="KGAMMA"> T  </i>
   </separator>
   <separator name="electronic projectors" >
    <i type="logical" name="LREAL"> F  </i>
    <v name="ROPT">      0.00000000</v>
    <i type="int" name="LMAXPAW">  -100</i>
    <i type="int" name="LMAXMIX">     2</i>
    <i type="logical" name="NLSPLINE"> F  </i>
   </separator>
   <separator name="electronic startup" >
    <i type="int" name="ISTART">     0</i>
    <i type="int" name="ICHARG">     2</i>
    <i type="int" name="INIWAV">     1</i>
   </separator>
   <separator name="electronic spin" >
    <i type="int" name="ISPIN">     1</i>
    <i type="logical" name="LNONCOLLINEAR"> F  </i>
    <v name="MAGMOM">      1.00000000</v>
    <i name="NUPDOWN">     -1.00000000</i>
    <i type="logical" name="LSORBIT"> F  </i>
    <v name="SAXIS">      0.00000000      0.00000000      1.00000000</v>
    <i type="logical" name="LSPIRAL"> F  </i>
    <v name="QSPIRAL">      0.00000000      0.00000000      0.00000000</v>
    <i type="logical" name="LZEROZ"> F  </i>
   </separator>
   <separator name="electronic exchange-correlation" >
    <i type="logical" name="LASPH"> T  </i>
    <i type="logical" name="LMETAGGA"> F  </i>
   </separator>
   <separator name="electronic convergence" >
    <i type="int" name="NELM">   200</i>
    <i type="int" name="NELMDL">     0</i>
    <i type="int" name="NELMIN">     2</i>
    <i name="ENINI">    950.00000000</i>
    <separator name="electronic convergence detail" >
     <i type="logical" name="LDIAG"> T  </i>
     <i type="logical" name="LSUBROT"> F  </i>
     <i name="WEIMIN">      0.00000000</i>
     <i name="EBREAK">      0.00000000</i>
     <i name="DEPER">      0.30000000</i>
     <i type="int" name="NRMM">     4</i>
     <i name="TIME">      0.30000000</i>
    </separator>
   </separator>
   <separator name="electronic mixer" >
    <i name="AMIX">      0.40000000</i>
    <i name="BMIX">      1.00000000</i>
    <i name="AMIN">      0.10000000</i>
    <i name="AMIX_MAG">      1.60000000</i>
    <i name="BMIX_MAG">      1.00000000</i>
    <separator name="electronic mixer details" >
     <i type="int" name="IMIX">     1</i>
     <i type="logical" name="MIXFIRST"> F  </i>
     <i type="int" name="MAXMIX">   -45</i>
     <i name="WC">    100.00000000</i>
     <i type="int" name="INIMIX">     1</i>
     <i type="int" name="MIXPRE">     1</i>
     <i type="int" name="MREMOVE">     5</i>
    </separator>
   </separator>
   <separator name="electronic dipolcorrection" >
    <i type="logical" name="LDIPOL"> F  </i>
    <i type="logical" name="LMONO"> F  </i>
    <i type="int" name="IDIPOL">     0</i>
    <i name="EPSILON">      1.00000000</i>
    <v name="DIPOL">   -100.00000000   -100.00000000   -100.00000000</v>
    <i name="EFIELD">      0.00000000</i>
   </separator>
  </separator>
  <separator name="grids" >
   <i type="int" name="NGX">   160</i>
   <i type="int" name="NGY">   160</i>
   <i type="int" name="NGZ">   160</i>
   <i type="int" name="NGXF">   320</i>
   <i type="int" name="NGYF">   320</i>
   <i type="int" name="NGZF">   320</i>
   <i type="logical" name="ADDGRID"> T  </i>
  </separator>
  <separator name="ionic" >
   <i type="int" name="NSW">     0</i>
   <i type="int" name="IBRION">    -1</i>
   <i type="int" name="MDALGO">     0</i>
   <i type="int" name="ISIF">     4</i>
   <i name="PSTRESS">      0.00000000</i>
   <i name="EDIFFG">     -0.00040000</i>
   <i type="int" name="NFREE">     0</i>
   <i name="POTIM">      0.50000000</i>
   <i name="SMASS">     -3.00000000</i>
   <i name="SCALEE">      1.00000000</i>
  </separator>
  <separator name="ionic md" >
   <i name="TEBEG">      0.00010000</i>
   <i name="TEEND">      0.00010000</i>
   <i type="int" name="NBLOCK">     1</i>
   <i type="int" name="KBLOCK">     1</i>
   <i type="int" name="NPACO">   256</i>
   <i name="APACO">     16.00000000</i>
  </separator>
  <separator name="symmetry" >
   <i type="int" name="ISYM">     1</i>
   <i name="SYMPREC">      0.00000001</i>
  </separator>
  <separator name="dos" >
   <i type="int" name="LORBIT">     0</i>
   <v name="RWIGS">     -1.00000000</v>
   <i type="int" name="NEDOS">   301</i>
   <i name="EMIN">     10.00000000</i>
   <i name="EMAX">    -10.00000000</i>
   <i name="EFERMI">      0.00000000</i>
  </separator>
  <separator name="writing" >
   <i type="int" name="NWRITE">     2</i>
   <i type="logical" name="LWAVE"> T  </i>
   <i type="logical" name="LDOWNSAMPLE"> F  </i>
   <i type="logical" name="LCHARG"> F  </i>
   <i type="logical" name="LPARD"> F  </i>
   <i type="logical" name="LVTOT"> F  </i>
   <i type="logical" name="LVHAR"> F  </i>
   <i type="logical" name="LELF"> F  </i>
   <i type="logical" name="LOPTICS"> F  </i>
   <v name="STM">      0.00000000      0.00000000      0.00000000      0.00000000      0.00000000      0.00000000      0.00000000</v>
  </separator>
  <separator name="performance" >
   <i type="int" name="NPAR">     2</i>
   <i type="int" name="NSIM">     4</i>
   <i type="int" name="NBLK">    -1</i>
   <i type="logical" name="LPLANE"> T  </i>
   <i type="logical" name="LSCALAPACK"> T  </i>
   <i type="logical" name="LSCAAWARE"> F  </i>
   <i type="logical" name="LSCALU"> F  </i>
   <i type="logical" name="LASYNC"> F  </i>
   <i type="logical" name="LORBITALREAL"> F  </i>
  </separator>
  <separator name="miscellaneous" >
   <i type="int" name="IDIOT">     3</i>
   <i type="int" name="ISPECIAL">     0</i>
   <i type="logical" name="LMUSIC"> F  </i>
   <v name="POMASS">    208.98000000</v>
   <v name="DARWINR">      0.00000000</v>
   <v name="DARWINV">      1.00000000</v>
   <i type="logical" name="LCORR"> T  </i>
  </separator>
  <i type="logical" name="GGA_COMPAT"> T  </i>
  <i type="logical" name="LBERRY"> F  </i>
  <i type="int" name="ICORELEVEL">     0</i>
  <i type="logical" name="LDAU"> F  </i>
  <i type="int" name="I_CONSTRAINED_M">     0</i>
  <separator name="electronic exchange-correlation" >
   <i type="string" name="GGA">PS</i>
   <i type="int" name="VOSKOWN">     0</i>
   <i type="logical" name="LHFCALC"> T  </i>
   <i type="string" name="PRECFOCK">fast</i>
   <i type="logical" name="LSYMGRAD"> F  </i>
   <i type="logical" name="LHFONE"> F  </i>
   <i type="logical" name="LRHFCALC"> F  </i>
   <i type="logical" name="LTHOMAS"> F  </i>
   <i type="logical" name="LMODELHF"> F  </i>
   <i name="ENCUT4O">     -1.00000000</i>
   <i type="int" name="EXXOEP">     0</i>
   <i type="int" name="FOURORBIT">     0</i>
   <i name="AEXX">      0.60000000</i>
   <i name="HFALPHA">     -1.00000000</i>
   <i name="MCALPHA">      0.00000000</i>
   <i name="ALDAX">      0.40000000</i>
   <i name="AGGAX">      0.40000000</i>
   <i name="ALDAC">      1.00000000</i>
   <i name="AGGAC">      1.00000000</i>
   <i type="int" name="NKREDX">     1</i>
   <i type="int" name="NKREDY">     1</i>
   <i type="int" name="NKREDZ">     1</i>
   <i type="logical" name="SHIFTRED"> F  </i>
   <i type="logical" name="ODDONLY"> F  </i>
   <i type="logical" name="EVENONLY"> F  </i>
   <i type="int" name="LMAXFOCK">     4</i>
   <i type="int" name="NMAXFOCKAE">     1</i>
   <i type="logical" name="LFOCKAEDFT"> F  </i>
   <i name="HFSCREEN">      0.00000000</i>
   <i name="HFSCREENC">      0.00000000</i>
   <i type="int" name="NBANDSGWLOW">     1</i>
  </separator>
  <separator name="vdW DFT" >
   <i type="logical" name="LUSE_VDW"> F  </i>
   <i name="Zab_VDW">     -0.84910000</i>
   <i name="PARAM1">      0.12340000</i>
   <i name="PARAM2">      1.00000000</i>
   <i name="PARAM3">      0.00000000</i>
  </separator>
  <separator name="model GW" >
   <i type="int" name="MODEL_GW">     0</i>
   <i name="MODEL_EPS0">   2025.00000000</i>
   <i name="MODEL_ALPHA">      1.00000000</i>
  </separator>
  <separator name="linear response parameters" >
   <i type="logical" name="LEPSILON"> F  </i>
   <i type="logical" name="LRPA"> F  </i>
   <i type="logical" name="LNABLA"> F  </i>
   <i type="logical" name="LVEL"> F  </i>
   <i type="int" name="KINTER">     0</i>
   <i name="CSHIFT">      0.10000000</i>
   <i name="OMEGAMAX">     -1.00000000</i>
   <i name="DEG_THRESHOLD">      0.00200000</i>
   <i name="RTIME">     -0.10000000</i>
   <i name="WPLASMAI">      0.00000000</i>
   <v name="DFIELD">      0.00000000      0.00000000      0.00000000</v>
   <v name="WPLASMA">      0.00000000      0.00000000      0.00000000      0.00000000      0.00000000      0.00000000      0.00000000      0.00000000      0.00000000</v>
  </separator>
  <separator name="orbital magnetization" >
   <i type="logical" name="NUCIND"> F  </i>
   <v name="MAGPOS">      0.00000000      0.00000000      0.00000000</v>
   <i type="logical" name="LNICSALL"> T  </i>
   <i type="logical" name="ORBITALMAG"> F  </i>
   <i type="logical" name="LMAGBLOCH"> F  </i>
   <i type="logical" name="LCHIMAG"> F  </i>
   <i type="logical" name="LGAUGE"> T  </i>
   <i type="int" name="MAGATOM">     0</i>
   <v name="MAGDIPOL">      0.00000000      0.00000000      0.00000000</v>
   <v name="AVECCONST">      0.00000000      0.00000000      0.00000000</v>
  </separator>
  <separator name="response functions" >
   <i type="logical" name="LADDER"> F  </i>
   <i type="logical" name="LRPAFORCE"> F  </i>
   <i type="logical" name="LFXC"> F  </i>
   <i type="logical" name="LHARTREE"> T  </i>
   <i type="int" name="IBSE">     0</i>
   <v type="int" name="KPOINT">    -1     0     0     0</v>
   <i type="logical" name="LTCTE"> F  </i>
   <i type="logical" name="LTETE"> F  </i>
   <i type="logical" name="LTRIPLET"> F  </i>
   <i type="logical" name="LFXCEPS"> F  </i>
   <i type="logical" name="LFXHEG"> F  </i>
   <i type="int" name="NATURALO">     2</i>
   <i type="logical" name="L2ORDER"> F  </i>
   <i type="logical" name="LMP2LT"> F  </i>
   <i type="logical" name="LUSEW"> F  </i>
   <i name="ENCUTGW">     -2.00000000</i>
   <i name="ENCUTGWSOFT">     -2.00000000</i>
   <i name="ENCUTLF">     -1.00000000</i>
   <i type="int" name="LMAXMP2">    -1</i>
   <i name="SCISSOR">      0.00000000</i>
   <i type="int" name="NOMEGA">     0</i>
   <i type="int" name="NOMEGAR">     0</i>
   <i type="int" name="NBANDSGW">    -1</i>
   <i type="int" name="NBANDSO">    -1</i>
   <i type="int" name="NBANDSV">    -1</i>
   <i type="int" name="NELM">   200</i>
   <i type="int" name="NELMHF">     1</i>
   <i type="int" name="DIM">     3</i>
   <i type="int" name="ANTIRES">     0</i>
   <i name="OMEGAMAX">    -30.00000000</i>
   <i name="OMEGAMIN">    -30.00000000</i>
   <i name="OMEGATL">   -200.00000000</i>
   <i type="int" name="OMEGAGRID">   140</i>
   <i name="CSHIFT">     -0.10000000</i>
   <i type="logical" name="SELFENERGY"> F  </i>
   <i type="logical" name="LSPECTRAL"> F  </i>
   <i type="logical" name="LSPECTRALGW"> F  </i>
   <i type="logical" name="LSINGLES"> F  </i>
   <i type="logical" name="LFERMIGW"> F  </i>
   <i type="logical" name="ODDONLYGW"> F  </i>
   <i type="logical" name="EVENONLYGW"> F  </i>
   <i type="int" name="NKREDLFX">     1</i>
   <i type="int" name="NKREDLFY">     1</i>
   <i type="int" name="NKREDLFZ">     1</i>
   <i type="int" name="MAXMEM">  2800</i>
   <i type="int" name="TELESCOPE">     0</i>
   <i type="int" name="TAUPAR">     1</i>
   <i type="int" name="OMEGAPAR">    -1</i>
   <i name="LAMBDA">      1.00000000</i>
  </separator>
  <separator name="External order field" >
   <i name="OFIELD_KAPPA">      0.00000000</i>
   <v name="OFIELD_K">      0.00000000      0.00000000      0.00000000</v>
   <i name="OFIELD_Q6_NEAR">      0.00000000</i>
   <i name="OFIELD_Q6_FAR">      0.00000000</i>
   <i name="OFIELD_A">      0.00000000</i>
  </separator>
 </parameters>
 <atominfo>
  <atoms>       1 </atoms>
  <types>       1 </types>
  <array name="atoms" >
   <dimension dim="1">ion</dimension>
   <field type="string">element</field>
   <field type="int">atomtype</field>
   <set>
    <rc><c>Bi</c><c>   1</c></rc>
   </set>
  </array>
  <array name="atomtypes" >
   <dimension dim="1">type</dimension>
   <field type="int">atomspertype</field>
   <field type="string">element</field>
   <field>mass</field>
   <field>valence</field>
   <field type="string">pseudopotential</field>
   <set>
    <rc><c>   1</c><c>Bi</c><c>    208.98000000</c><c>     15.00000000</c><c>  PAW_PBE Bi_d 06Sep2000                </c></rc>
   </set>
  </array>
 </atominfo>
 <structure name="initialpos" >
  <crystal>
   <varray name="basis" >
    <v>      15.00000000       0.00000000       0.00000000 </v>
    <v>       0.00000000      15.00000000       0.00000000 </v>
    <v>       0.00000000       0.00000000      15.00000000 </v>
   </varray>
   <i name="volume">   3375.00000000 </i>
   <varray name="rec_basis" >
    <v>       0.06666667       0.00000000       0.00000000 </v>
    <v>       0.00000000       0.06666667       0.00000000 </v>
    <v>       0.00000000       0.00000000       0.06666667 </v>
   </varray>
  </crystal>
  <varray name="positions" >
   <v>       0.50000000       0.50000000       0.50000000 </v>
  </varray>
 </structure>
 <calculation>
  <scstep>
   <time name="dav">    0.63    0.73</time>
   <time name="total">    3.01    3.13</time>
   <energy>
    <i name="alphaZ">      0.50779840 </i>
    <i name="ewald">   -306.42360008 </i>
    <i name="hartreedc">  -1418.48587971 </i>
    <i name="XCdc">     20.89668008 </i>
    <i name="pawpsdc">   1701.74669714 </i>
    <i name="pawaedc">  -1664.98573189 </i>
    <i name="eentropy">      0.00000000 </i>
    <i name="bandstr">    -36.42413759 </i>
    <i name="atom">   1958.75246430 </i>
    <i name="e_fr_energy">    255.58429065 </i>
    <i name="e_wo_entrp">    255.58429065 </i>
    <i name="e_0_energy">    255.58429065 </i>
   </energy>
  </scstep>
  <scstep>
   <time name="dav">    0.78    0.78</time>
   <time name="total">    0.78    0.78</time>
   <energy>
    <i name="e_fr_energy">    117.30792852 </i>
    <i name="e_wo_entrp">    117.30792852 </i>
    <i name="e_0_energy">    117.30792852 </i>
   </energy>
  </scstep>
  <scstep>
   <time name="dav">    0.71    0.72</time>
   <time name="total">    0.71    0.72</time>
   <energy>
    <i name="e_fr_energy">     90.28725182 </i>
    <i name="e_wo_entrp">     90.28725182 </i>
    <i name="e_0_energy">     90.28725182 </i>
   </energy>
  </scstep>
  <scstep>
   <time name="dav">    0.60    0.60</time>
   <time name="total">    0.60    0.60</time>
   <energy>
    <i name="e_fr_energy">     89.13331542 </i>
    <i name="e_wo_entrp">     89.13331542 </i>
    <i name="e_0_energy">     89.13331542 </i>
   </energy>
  </scstep>
  <scstep>
   <time name="dav">    8.47    8.49</time>
   <time name="total">   15.08   15.12</time>
   <energy>
    <i name="e_fr_energy">     -0.19822513 </i>
    <i name="e_wo_entrp">     -0.19822513 </i>
    <i name="e_0_energy">     -0.19822513 </i>
   </energy>
  </scstep>
  <scstep>
   <time name="dav">    7.91    7.93</time>
   <time name="total">   16.90   16.95</time>
   <energy>
    <i name="e_fr_energy">     -2.13235288 </i>
    <i name="e_wo_entrp">     -2.13235288 </i>
    <i name="e_0_energy">     -2.13235288 </i>
   </energy>
  </scstep>
  <scstep>
   <time name="dav">    6.85    6.86</time>
   <time name="total">   15.99   16.03</time>
   <energy>
    <i name="e_fr_energy">     -2.71343822 </i>
    <i name="e_wo_entrp">     -2.71343822 </i>
    <i name="e_0_energy">     -2.71343822 </i>
   </energy>
  </scstep>
  <scstep>
   <time name="dav">    7.82    7.84</time>
   <time name="total">   16.96   17.01</time>
   <energy>
    <i name="e_fr_energy">     -2.78800193 </i>
    <i name="e_wo_entrp">     -2.78800193 </i>
    <i name="e_0_energy">     -2.78800193 </i>
   </energy>
  </scstep>
  <scstep>
   <time name="dav">    7.99    8.01</time>
   <time name="total">   17.27   17.32</time>
   <energy>
    <i name="e_fr_energy">     -2.79530105 </i>
    <i name="e_wo_entrp">     -2.79530105 </i>
    <i name="e_0_energy">     -2.79530105 </i>
   </energy>
  </scstep>
  <scstep>
   <time name="dav">    7.77    7.79</time>
   <time name="total">   16.85   16.90</time>
   <energy>
    <i name="e_fr_energy">     -2.79315827 </i>
    <i name="e_wo_entrp">     -2.79315827 </i>
    <i name="e_0_energy">     -2.79315827 </i>
   </energy>
  </scstep>
  <scstep>
   <time name="dav">    8.02    8.03</time>
   <time name="total">   17.09   17.14</time>
   <energy>
    <i name="e_fr_energy">     -2.79132623 </i>
    <i name="e_wo_entrp">     -2.79132623 </i>
    <i name="e_0_energy">     -2.79132623 </i>
   </energy>
  </scstep>
  <scstep>
   <time name="dav">    8.06    8.08</time>
   <time name="total">   17.26   17.31</time>
   <energy>
    <i name="e_fr_energy">     -2.78986584 </i>
    <i name="e_wo_entrp">     -2.78986584 </i>
    <i name="e_0_energy">     -2.78986584 </i>
   </energy>
  </scstep>
  <scstep>
   <time name="dav">    8.05    8.07</time>
   <time name="total">   17.20   17.25</time>
   <energy>
    <i name="e_fr_energy">     -2.78870223 </i>
    <i name="e_wo_entrp">     -2.78870223 </i>
    <i name="e_0_energy">     -2.78870223 </i>
   </energy>
  </scstep>
  <scstep>
   <time name="dav">    7.98    8.00</time>
   <time name="total">   17.29   17.34</time>
   <energy>
    <i name="e_fr_energy">     -2.78775709 </i>
    <i name="e_wo_entrp">     -2.78775709 </i>
    <i name="e_0_energy">     -2.78775709 </i>
   </energy>
  </scstep>
  <scstep>
   <time name="dav">    7.87    7.89</time>
   <time name="total">   16.94   16.98</time>
   <energy>
    <i name="e_fr_energy">     -2.78698066 </i>
    <i name="e_wo_entrp">     -2.78698066 </i>
    <i name="e_0_energy">     -2.78698066 </i>
   </energy>
  </scstep>
  <scstep>
   <time name="dav">    7.36    7.37</time>
   <time name="total">   16.54   16.58</time>
   <energy>
    <i name="e_fr_energy">     -2.78633605 </i>
    <i name="e_wo_entrp">     -2.78633605 </i>
    <i name="e_0_energy">     -2.78633605 </i>
   </energy>
  </scstep>
  <scstep>
   <time name="dav">    7.42    7.43</time>
   <time name="total">   16.66   16.71</time>
   <energy>
    <i name="e_fr_energy">     -2.78579515 </i>
    <i name="e_wo_entrp">     -2.78579515 </i>
    <i name="e_0_energy">     -2.78579515 </i>
   </energy>
  </scstep>
  <scstep>
   <time name="dav">    7.34    7.35</time>
   <time name="total">   16.58   16.62</time>
   <energy>
    <i name="e_fr_energy">     -2.78533666 </i>
    <i name="e_wo_entrp">     -2.78533666 </i>
    <i name="e_0_energy">     -2.78533666 </i>
   </energy>
  </scstep>
  <scstep>
   <time name="dav">    7.35    7.37</time>
   <time name="total">   16.62   16.66</time>
   <energy>
    <i name="e_fr_energy">     -2.78494436 </i>
    <i name="e_wo_entrp">     -2.78494436 </i>
    <i name="e_0_energy">     -2.78494436 </i>
   </energy>
  </scstep>
  <scstep>
   <time name="dav">    6.89    6.91</time>
   <time name="total">   16.14   16.18</time>
   <energy>
    <i name="e_fr_energy">     -2.78460581 </i>
    <i name="e_wo_entrp">     -2.78460581 </i>
    <i name="e_0_energy">     -2.78460581 </i>
   </energy>
  </scstep>
  <scstep>
   <time name="dav">    6.83    6.84</time>
   <time name="total">   16.02   16.06</time>
   <energy>
    <i name="e_fr_energy">     -2.78431119 </i>
    <i name="e_wo_entrp">     -2.78431119 </i>
    <i name="e_0_energy">     -2.78431119 </i>
   </energy>
  </scstep>
  <scstep>
   <time name="dav">    6.82    6.83</time>
   <time name="total">   16.04   16.08</time>
   <energy>
    <i name="e_fr_energy">     -2.78405262 </i>
    <i name="e_wo_entrp">     -2.78405262 </i>
    <i name="e_0_energy">     -2.78405262 </i>
   </energy>
  </scstep>
  <scstep>
   <time name="dav">    6.84    6.85</time>
   <time name="total">   16.12   16.17</time>
   <energy>
    <i name="e_fr_energy">     -2.78382385 </i>
    <i name="e_wo_entrp">     -2.78382385 </i>
    <i name="e_0_energy">     -2.78382385 </i>
   </energy>
  </scstep>
  <scstep>
   <time name="dav">    6.92    6.94</time>
   <time name="total">   16.26   16.30</time>
   <energy>
    <i name="e_fr_energy">     -2.78361989 </i>
    <i name="e_wo_entrp">     -2.78361989 </i>
    <i name="e_0_energy">     -2.78361989 </i>
   </energy>
  </scstep>
  <scstep>
   <time name="dav">    7.24    7.26</time>
   <time name="total">   16.74   16.78</time>
   <energy>
    <i name="e_fr_energy">     -2.78343738 </i>
    <i name="e_wo_entrp">     -2.78343738 </i>
    <i name="e_0_energy">     -2.78343738 </i>
   </energy>
  </scstep>
  <scstep>
   <time name="dav">    6.84    6.85</time>
   <time name="total">   15.97   16.01</time>
   <energy>
    <i name="e_fr_energy">     -2.78327730 </i>
    <i name="e_wo_entrp">     -2.78327730 </i>
    <i name="e_0_energy">     -2.78327730 </i>
   </energy>
  </scstep>
  <scstep>
   <time name="dav">    6.84    6.86</time>
   <time name="total">   16.02   16.06</time>
   <energy>
    <i name="e_fr_energy">     -2.78314504 </i>
    <i name="e_wo_entrp">     -2.78314504 </i>
    <i name="e_0_energy">     -2.78314504 </i>
   </energy>
  </scstep>
  <scstep>
   <time name="dav">    6.80    6.82</time>
   <time name="total">   16.05   16.09</time>
   <energy>
    <i name="e_fr_energy">     -2.78303659 </i>
    <i name="e_wo_entrp">     -2.78303659 </i>
    <i name="e_0_energy">     -2.78303659 </i>
   </energy>
  </scstep>
  <scstep>
   <time name="dav">    6.88    6.90</time>
   <time name="total">   15.99   16.03</time>
   <energy>
    <i name="e_fr_energy">     -2.78293890 </i>
    <i name="e_wo_entrp">     -2.78293890 </i>
    <i name="e_0_energy">     -2.78293890 </i>
   </energy>
  </scstep>
  <scstep>
   <time name="dav">    6.88    6.89</time>
   <time name="total">   16.12   16.17</time>
   <energy>
    <i name="e_fr_energy">     -2.78284644 </i>
    <i name="e_wo_entrp">     -2.78284644 </i>
    <i name="e_0_energy">     -2.78284644 </i>
   </energy>
  </scstep>
  <scstep>
   <time name="dav">    6.85    6.87</time>
   <time name="total">   16.14   16.19</time>
   <energy>
    <i name="e_fr_energy">     -2.78276139 </i>
    <i name="e_wo_entrp">     -2.78276139 </i>
    <i name="e_0_energy">     -2.78276139 </i>
   </energy>
  </scstep>
  <scstep>
   <time name="dav">    6.85    6.87</time>
   <time name="total">   15.92   15.96</time>
   <energy>
    <i name="e_fr_energy">     -2.78268567 </i>
    <i name="e_wo_entrp">     -2.78268567 </i>
    <i name="e_0_energy">     -2.78268567 </i>
   </energy>
  </scstep>
  <scstep>
   <time name="dav">    6.83    6.85</time>
   <time name="total">   16.17   16.21</time>
   <energy>
    <i name="e_fr_energy">     -2.78261883 </i>
    <i name="e_wo_entrp">     -2.78261883 </i>
    <i name="e_0_energy">     -2.78261883 </i>
   </energy>
  </scstep>
  <scstep>
   <time name="dav">    7.95    7.97</time>
   <time name="total">   17.22   17.27</time>
   <energy>
    <i name="e_fr_energy">     -2.78255961 </i>
    <i name="e_wo_entrp">     -2.78255961 </i>
    <i name="e_0_energy">     -2.78255961 </i>
   </energy>
  </scstep>
  <scstep>
   <time name="dav">    6.83    6.85</time>
   <time name="total">   16.09   16.14</time>
   <energy>
    <i name="e_fr_energy">     -2.78250722 </i>
    <i name="e_wo_entrp">     -2.78250722 </i>
    <i name="e_0_energy">     -2.78250722 </i>
   </energy>
  </scstep>
  <scstep>
   <time name="dav">    6.87    6.89</time>
   <time name="total">   15.97   16.01</time>
   <energy>
    <i name="e_fr_energy">     -2.78246080 </i>
    <i name="e_wo_entrp">     -2.78246080 </i>
    <i name="e_0_energy">     -2.78246080 </i>
   </energy>
  </scstep>
  <scstep>
   <time name="dav">    6.85    6.87</time>
   <time name="total">   16.10   16.14</time>
   <energy>
    <i name="e_fr_energy">     -2.78241877 </i>
    <i name="e_wo_entrp">     -2.78241877 </i>
    <i name="e_0_energy">     -2.78241877 </i>
   </energy>
  </scstep>
  <scstep>
   <time name="dav">    6.84    6.85</time>
   <time name="total">   16.11   16.16</time>
   <energy>
    <i name="e_fr_energy">     -2.78238091 </i>
    <i name="e_wo_entrp">     -2.78238091 </i>
    <i name="e_0_energy">     -2.78238091 </i>
   </energy>
  </scstep>
  <scstep>
   <time name="dav">    6.84    6.86</time>
   <time name="total">   16.05   16.10</time>
   <energy>
    <i name="e_fr_energy">     -2.78234685 </i>
    <i name="e_wo_entrp">     -2.78234685 </i>
    <i name="e_0_energy">     -2.78234685 </i>
   </energy>
  </scstep>
  <scstep>
   <time name="dav">    6.88    6.89</time>
   <time name="total">   16.22   16.26</time>
   <energy>
    <i name="e_fr_energy">     -2.78231606 </i>
    <i name="e_wo_entrp">     -2.78231606 </i>
    <i name="e_0_energy">     -2.78231606 </i>
   </energy>
  </scstep>
  <scstep>
   <time name="dav">    6.83    6.85</time>
   <time name="total">   16.06   16.10</time>
   <energy>
    <i name="e_fr_energy">     -2.78228833 </i>
    <i name="e_wo_entrp">     -2.78228833 </i>
    <i name="e_0_energy">     -2.78228833 </i>
   </energy>
  </scstep>
  <scstep>
   <time name="dav">    7.86    7.88</time>
   <time name="total">   17.12   17.17</time>
   <energy>
    <i name="e_fr_energy">     -2.78226323 </i>
    <i name="e_wo_entrp">     -2.78226323 </i>
    <i name="e_0_energy">     -2.78226323 </i>
   </energy>
  </scstep>
  <scstep>
   <time name="dav">    6.83    6.85</time>
   <time name="total">   16.07   16.11</time>
   <energy>
    <i name="e_fr_energy">     -2.78224032 </i>
    <i name="e_wo_entrp">     -2.78224032 </i>
    <i name="e_0_energy">     -2.78224032 </i>
   </energy>
  </scstep>
  <scstep>
   <time name="dav">    7.77    7.79</time>
   <time name="total">   17.19   17.23</time>
   <energy>
    <i name="e_fr_energy">     -2.78221961 </i>
    <i name="e_wo_entrp">     -2.78221961 </i>
    <i name="e_0_energy">     -2.78221961 </i>
   </energy>
  </scstep>
  <scstep>
   <time name="dav">    5.47    5.48</time>
   <time name="total">   14.54   14.58</time>
   <energy>
    <i name="e_fr_energy">     -2.78220093 </i>
    <i name="e_wo_entrp">     -2.78220093 </i>
    <i name="e_0_energy">     -2.78220093 </i>
   </energy>
  </scstep>
  <scstep>
   <time name="dav">    6.38    6.39</time>
   <time name="total">   15.81   15.85</time>
   <energy>
    <i name="e_fr_energy">     -2.78218394 </i>
    <i name="e_wo_entrp">     -2.78218394 </i>
    <i name="e_0_energy">     -2.78218394 </i>
   </energy>
  </scstep>
  <scstep>
   <time name="dav">    5.47    5.48</time>
   <time name="total">   14.56   14.60</time>
   <energy>
    <i name="e_fr_energy">     -2.78216853 </i>
    <i name="e_wo_entrp">     -2.78216853 </i>
    <i name="e_0_energy">     -2.78216853 </i>
   </energy>
  </scstep>
  <scstep>
   <time name="dav">    5.39    5.41</time>
   <time name="total">   14.64   14.68</time>
   <energy>
    <i name="e_fr_energy">     -2.78215452 </i>
    <i name="e_wo_entrp">     -2.78215452 </i>
    <i name="e_0_energy">     -2.78215452 </i>
   </energy>
  </scstep>
  <scstep>
   <time name="dav">    5.43    5.45</time>
   <time name="total">   14.64   14.68</time>
   <energy>
    <i name="e_fr_energy">     -2.78214181 </i>
    <i name="e_wo_entrp">     -2.78214181 </i>
    <i name="e_0_energy">     -2.78214181 </i>
   </energy>
  </scstep>
  <scstep>
   <time name="dav">    5.43    5.45</time>
   <time name="total">   14.68   14.72</time>
   <energy>
    <i name="e_fr_energy">     -2.78213025 </i>
    <i name="e_wo_entrp">     -2.78213025 </i>
    <i name="e_0_energy">     -2.78213025 </i>
   </energy>
  </scstep>
  <scstep>
   <time name="dav">    5.39    5.41</time>
   <time name="total">   14.70   14.74</time>
   <energy>
    <i name="e_fr_energy">     -2.78211975 </i>
    <i name="e_wo_entrp">     -2.78211975 </i>
    <i name="e_0_energy">     -2.78211975 </i>
   </energy>
  </scstep>
  <scstep>
   <time name="dav">    5.42    5.43</time>
   <time name="total">   14.57   14.61</time>
   <energy>
    <i name="e_fr_energy">     -2.78211020 </i>
    <i name="e_wo_entrp">     -2.78211020 </i>
    <i name="e_0_energy">     -2.78211020 </i>
   </energy>
  </scstep>
  <scstep>
   <time name="dav">    5.47    5.48</time>
   <time name="total">   14.87   14.91</time>
   <energy>
    <i name="e_fr_energy">     -2.78210151 </i>
    <i name="e_wo_entrp">     -2.78210151 </i>
    <i name="e_0_energy">     -2.78210151 </i>
   </energy>
  </scstep>
  <scstep>
   <time name="dav">    5.42    5.44</time>
   <time name="total">   14.76   14.80</time>
   <energy>
    <i name="e_fr_energy">     -2.78209360 </i>
    <i name="e_wo_entrp">     -2.78209360 </i>
    <i name="e_0_energy">     -2.78209360 </i>
   </energy>
  </scstep>
  <scstep>
   <time name="dav">    5.47    5.48</time>
   <time name="total">   14.73   14.76</time>
   <energy>
    <i name="e_fr_energy">     -2.78208641 </i>
    <i name="e_wo_entrp">     -2.78208641 </i>
    <i name="e_0_energy">     -2.78208641 </i>
   </energy>
  </scstep>
  <scstep>
   <time name="dav">    6.35    6.36</time>
   <time name="total">   15.69   15.74</time>
   <energy>
    <i name="e_fr_energy">     -2.78207985 </i>
    <i name="e_wo_entrp">     -2.78207985 </i>
    <i name="e_0_energy">     -2.78207985 </i>
   </energy>
  </scstep>
  <scstep>
   <time name="dav">    5.45    5.46</time>
   <time name="total">   14.74   14.78</time>
   <energy>
    <i name="e_fr_energy">     -2.78207388 </i>
    <i name="e_wo_entrp">     -2.78207388 </i>
    <i name="e_0_energy">     -2.78207388 </i>
   </energy>
  </scstep>
  <scstep>
   <time name="dav">    5.45    5.46</time>
   <time name="total">   14.59   14.64</time>
   <energy>
    <i name="e_fr_energy">     -2.78206845 </i>
    <i name="e_wo_entrp">     -2.78206845 </i>
    <i name="e_0_energy">     -2.78206845 </i>
   </energy>
  </scstep>
  <scstep>
   <time name="dav">    5.43    5.45</time>
   <time name="total">   14.78   14.82</time>
   <energy>
    <i name="e_fr_energy">     -2.78206350 </i>
    <i name="e_wo_entrp">     -2.78206350 </i>
    <i name="e_0_energy">     -2.78206350 </i>
   </energy>
  </scstep>
  <scstep>
   <time name="dav">    5.47    5.49</time>
   <time name="total">   14.57   14.61</time>
   <energy>
    <i name="e_fr_energy">     -2.78205900 </i>
    <i name="e_wo_entrp">     -2.78205900 </i>
    <i name="e_0_energy">     -2.78205900 </i>
   </energy>
  </scstep>
  <scstep>
   <time name="dav">    5.41    5.43</time>
   <time name="total">   14.67   14.71</time>
   <energy>
    <i name="e_fr_energy">     -2.78205490 </i>
    <i name="e_wo_entrp">     -2.78205490 </i>
    <i name="e_0_energy">     -2.78205490 </i>
   </energy>
  </scstep>
  <scstep>
   <time name="dav">    5.42    5.43</time>
   <time name="total">   14.76   14.80</time>
   <energy>
    <i name="e_fr_energy">     -2.78205117 </i>
    <i name="e_wo_entrp">     -2.78205117 </i>
    <i name="e_0_energy">     -2.78205117 </i>
   </energy>
  </scstep>
  <scstep>
   <time name="dav">    5.39    5.40</time>
   <time name="total">   14.72   14.75</time>
   <energy>
    <i name="e_fr_energy">     -2.78204777 </i>
    <i name="e_wo_entrp">     -2.78204777 </i>
    <i name="e_0_energy">     -2.78204777 </i>
   </energy>
  </scstep>
  <scstep>
   <time name="dav">    5.44    5.45</time>
   <time name="total">   14.72   14.76</time>
   <energy>
    <i name="e_fr_energy">     -2.78204468 </i>
    <i name="e_wo_entrp">     -2.78204468 </i>
    <i name="e_0_energy">     -2.78204468 </i>
   </energy>
  </scstep>
  <scstep>
   <time name="dav">    5.46    5.47</time>
   <time name="total">   14.71   14.75</time>
   <energy>
    <i name="e_fr_energy">     -2.78204186 </i>
    <i name="e_wo_entrp">     -2.78204186 </i>
    <i name="e_0_energy">     -2.78204186 </i>
   </energy>
  </scstep>
  <scstep>
   <time name="dav">    5.49    5.50</time>
   <time name="total">   14.71   14.75</time>
   <energy>
    <i name="e_fr_energy">     -2.78203929 </i>
    <i name="e_wo_entrp">     -2.78203929 </i>
    <i name="e_0_energy">     -2.78203929 </i>
   </energy>
  </scstep>
  <scstep>
   <time name="dav">    5.41    5.42</time>
   <time name="total">   14.67   14.71</time>
   <energy>
    <i name="e_fr_energy">     -2.78203696 </i>
    <i name="e_wo_entrp">     -2.78203696 </i>
    <i name="e_0_energy">     -2.78203696 </i>
   </energy>
  </scstep>
  <scstep>
   <time name="dav">    5.47    5.48</time>
   <time name="total">   14.67   14.72</time>
   <energy>
    <i name="e_fr_energy">     -2.78203484 </i>
    <i name="e_wo_entrp">     -2.78203484 </i>
    <i name="e_0_energy">     -2.78203484 </i>
   </energy>
  </scstep>
  <scstep>
   <time name="dav">    5.41    5.43</time>
   <time name="total">   14.65   14.69</time>
   <energy>
    <i name="e_fr_energy">     -2.78203290 </i>
    <i name="e_wo_entrp">     -2.78203290 </i>
    <i name="e_0_energy">     -2.78203290 </i>
   </energy>
  </scstep>
  <scstep>
   <time name="dav">    5.44    5.45</time>
   <time name="total">   14.86   14.90</time>
   <energy>
    <i name="e_fr_energy">     -2.78203114 </i>
    <i name="e_wo_entrp">     -2.78203114 </i>
    <i name="e_0_energy">     -2.78203114 </i>
   </energy>
  </scstep>
  <scstep>
   <time name="dav">    6.35    6.36</time>
   <time name="total">   15.73   15.77</time>
   <energy>
    <i name="e_fr_energy">     -2.78202954 </i>
    <i name="e_wo_entrp">     -2.78202954 </i>
    <i name="e_0_energy">     -2.78202954 </i>
   </energy>
  </scstep>
  <scstep>
   <time name="dav">    5.89    5.91</time>
   <time name="total">   15.22   15.26</time>
   <energy>
    <i name="e_fr_energy">     -2.78202809 </i>
    <i name="e_wo_entrp">     -2.78202809 </i>
    <i name="e_0_energy">     -2.78202809 </i>
   </energy>
  </scstep>
  <scstep>
   <time name="dav">    5.86    5.87</time>
   <time name="total">   15.20   15.24</time>
   <energy>
    <i name="e_fr_energy">     -2.78202676 </i>
    <i name="e_wo_entrp">     -2.78202676 </i>
    <i name="e_0_energy">     -2.78202676 </i>
   </energy>
  </scstep>
  <scstep>
   <time name="dav">    6.49    6.51</time>
   <time name="total">   15.86   15.91</time>
   <energy>
    <i name="e_fr_energy">     -2.78202555 </i>
    <i name="e_wo_entrp">     -2.78202555 </i>
    <i name="e_0_energy">     -2.78202555 </i>
   </energy>
  </scstep>
  <scstep>
   <time name="dav">    5.40    5.41</time>
   <time name="total">   14.65   14.69</time>
   <energy>
    <i name="e_fr_energy">     -2.78202445 </i>
    <i name="e_wo_entrp">     -2.78202445 </i>
    <i name="e_0_energy">     -2.78202445 </i>
   </energy>
  </scstep>
  <scstep>
   <time name="dav">    5.90    5.92</time>
   <time name="total">   15.20   15.24</time>
   <energy>
    <i name="e_fr_energy">     -2.78202345 </i>
    <i name="e_wo_entrp">     -2.78202345 </i>
    <i name="e_0_energy">     -2.78202345 </i>
   </energy>
  </scstep>
  <scstep>
   <time name="dav">    6.34    6.36</time>
   <time name="total">   15.62   15.66</time>
   <energy>
    <i name="e_fr_energy">     -2.78202254 </i>
    <i name="e_wo_entrp">     -2.78202254 </i>
    <i name="e_0_energy">     -2.78202254 </i>
   </energy>
  </scstep>
  <scstep>
   <time name="dav">    5.43    5.45</time>
   <time name="total">   14.78   14.81</time>
   <energy>
    <i name="e_fr_energy">     -2.78202171 </i>
    <i name="e_wo_entrp">     -2.78202171 </i>
    <i name="e_0_energy">     -2.78202171 </i>
   </energy>
  </scstep>
  <scstep>
   <time name="dav">    5.87    5.89</time>
   <time name="total">   15.12   15.16</time>
   <energy>
    <i name="e_fr_energy">     -2.78202096 </i>
    <i name="e_wo_entrp">     -2.78202096 </i>
    <i name="e_0_energy">     -2.78202096 </i>
   </energy>
  </scstep>
  <scstep>
   <time name="dav">    6.58    6.60</time>
   <time name="total">   15.89   15.93</time>
   <energy>
    <i name="e_fr_energy">     -2.78202027 </i>
    <i name="e_wo_entrp">     -2.78202027 </i>
    <i name="e_0_energy">     -2.78202027 </i>
   </energy>
  </scstep>
  <scstep>
   <time name="dav">    5.45    5.46</time>
   <time name="total">   14.73   14.77</time>
   <energy>
    <i name="e_fr_energy">     -2.78201964 </i>
    <i name="e_wo_entrp">     -2.78201964 </i>
    <i name="e_0_energy">     -2.78201964 </i>
   </energy>
  </scstep>
  <scstep>
   <time name="dav">    6.56    6.57</time>
   <time name="total">   15.84   15.88</time>
   <energy>
    <i name="e_fr_energy">     -2.78201907 </i>
    <i name="e_wo_entrp">     -2.78201907 </i>
    <i name="e_0_energy">     -2.78201907 </i>
   </energy>
  </scstep>
  <scstep>
   <time name="dav">    6.29    6.30</time>
   <time name="total">   15.65   15.69</time>
   <energy>
    <i name="e_fr_energy">     -2.78201855 </i>
    <i name="e_wo_entrp">     -2.78201855 </i>
    <i name="e_0_energy">     -2.78201855 </i>
   </energy>
  </scstep>
  <scstep>
   <time name="dav">    6.36    6.38</time>
   <time name="total">   15.42   15.46</time>
   <energy>
    <i name="e_fr_energy">     -2.78201807 </i>
    <i name="e_wo_entrp">     -2.78201807 </i>
    <i name="e_0_energy">     -2.78201807 </i>
   </energy>
  </scstep>
  <scstep>
   <time name="dav">    5.86    5.87</time>
   <time name="total">   15.15   15.19</time>
   <energy>
    <i name="e_fr_energy">     -2.78201764 </i>
    <i name="e_wo_entrp">     -2.78201764 </i>
    <i name="e_0_energy">     -2.78201764 </i>
   </energy>
  </scstep>
  <scstep>
   <time name="dav">    6.55    6.56</time>
   <time name="total">   15.90   15.94</time>
   <energy>
    <i name="e_fr_energy">     -2.78201725 </i>
    <i name="e_wo_entrp">     -2.78201725 </i>
    <i name="e_0_energy">     -2.78201725 </i>
   </energy>
  </scstep>
  <scstep>
   <time name="dav">    5.92    5.93</time>
   <time name="total">   15.29   15.33</time>
   <energy>
    <i name="e_fr_energy">     -2.78201689 </i>
    <i name="e_wo_entrp">     -2.78201689 </i>
    <i name="e_0_energy">     -2.78201689 </i>
   </energy>
  </scstep>
  <scstep>
   <time name="dav">    6.53    6.55</time>
   <time name="total">   15.90   15.94</time>
   <energy>
    <i name="e_fr_energy">     -2.78201656 </i>
    <i name="e_wo_entrp">     -2.78201656 </i>
    <i name="e_0_energy">     -2.78201656 </i>
   </energy>
  </scstep>
  <scstep>
   <time name="dav">    5.84    5.86</time>
   <time name="total">   15.12   15.16</time>
   <energy>
    <i name="e_fr_energy">     -2.78201627 </i>
    <i name="e_wo_entrp">     -2.78201627 </i>
    <i name="e_0_energy">     -2.78201627 </i>
   </energy>
  </scstep>
  <scstep>
   <time name="dav">    6.60    6.61</time>
   <time name="total">   15.94   15.99</time>
   <energy>
    <i name="e_fr_energy">     -2.78201600 </i>
    <i name="e_wo_entrp">     -2.78201600 </i>
    <i name="e_0_energy">     -2.78201600 </i>
   </energy>
  </scstep>
  <scstep>
   <time name="dav">    5.88    5.90</time>
   <time name="total">   15.08   15.12</time>
   <energy>
    <i name="e_fr_energy">     -2.78201575 </i>
    <i name="e_wo_entrp">     -2.78201575 </i>
    <i name="e_0_energy">     -2.78201575 </i>
   </energy>
  </scstep>
  <scstep>
   <time name="dav">    6.32    6.33</time>
   <time name="total">   15.62   15.66</time>
   <energy>
    <i name="e_fr_energy">     -2.78201553 </i>
    <i name="e_wo_entrp">     -2.78201553 </i>
    <i name="e_0_energy">     -2.78201553 </i>
   </energy>
  </scstep>
  <scstep>
   <time name="dav">    5.40    5.41</time>
   <time name="total">   14.82   14.86</time>
   <energy>
    <i name="e_fr_energy">     -2.78201532 </i>
    <i name="e_wo_entrp">     -2.78201532 </i>
    <i name="e_0_energy">     -2.78201532 </i>
   </energy>
  </scstep>
  <scstep>
   <time name="dav">    6.45    6.46</time>
   <time name="total">   15.77   15.81</time>
   <energy>
    <i name="e_fr_energy">     -2.78201514 </i>
    <i name="e_wo_entrp">     -2.78201514 </i>
    <i name="e_0_energy">     -2.78201514 </i>
   </energy>
  </scstep>
  <scstep>
   <time name="dav">    6.40    6.41</time>
   <time name="total">   15.66   15.70</time>
   <energy>
    <i name="e_fr_energy">     -2.78201497 </i>
    <i name="e_wo_entrp">     -2.78201497 </i>
    <i name="e_0_energy">     -2.78201497 </i>
   </energy>
  </scstep>
  <scstep>
   <time name="dav">    6.36    6.38</time>
   <time name="total">   15.66   15.70</time>
   <energy>
    <i name="e_fr_energy">     -2.78201482 </i>
    <i name="e_wo_entrp">     -2.78201482 </i>
    <i name="e_0_energy">     -2.78201482 </i>
   </energy>
  </scstep>
  <scstep>
   <time name="dav">    5.44    5.45</time>
   <time name="total">   14.65   14.69</time>
   <energy>
    <i name="e_fr_energy">     -2.78201468 </i>
    <i name="e_wo_entrp">     -2.78201468 </i>
    <i name="e_0_energy">     -2.78201468 </i>
   </energy>
  </scstep>
  <scstep>
   <time name="dav">    6.34    6.36</time>
   <time name="total">   15.55   15.59</time>
   <energy>
    <i name="e_fr_energy">     -2.78201455 </i>
    <i name="e_wo_entrp">     -2.78201455 </i>
    <i name="e_0_energy">     -2.78201455 </i>
   </energy>
  </scstep>
  <scstep>
   <time name="dav">    5.51    5.52</time>
   <time name="total">   14.71   14.75</time>
   <energy>
    <i name="e_fr_energy">     -2.78201443 </i>
    <i name="e_wo_entrp">     -2.78201443 </i>
    <i name="e_0_energy">     -2.78201443 </i>
   </energy>
  </scstep>
  <scstep>
   <time name="dav">    6.43    6.44</time>
   <time name="total">   15.67   15.70</time>
   <energy>
    <i name="e_fr_energy">     -2.78201433 </i>
    <i name="e_wo_entrp">     -2.78201433 </i>
    <i name="e_0_energy">     -2.78201433 </i>
   </energy>
  </scstep>
  <scstep>
   <time name="dav">    5.45    5.46</time>
   <time name="total">   14.85   14.89</time>
   <energy>
    <i name="e_fr_energy">     -2.78201423 </i>
    <i name="e_wo_entrp">     -2.78201423 </i>
    <i name="e_0_energy">     -2.78201423 </i>
   </energy>
  </scstep>
  <scstep>
   <time name="dav">    6.38    6.39</time>
   <time name="total">   15.62   15.66</time>
   <energy>
    <i name="e_fr_energy">     -2.78201415 </i>
    <i name="e_wo_entrp">     -2.78201415 </i>
    <i name="e_0_energy">     -2.78201415 </i>
   </energy>
  </scstep>
  <scstep>
   <time name="dav">    5.41    5.43</time>
   <time name="total">   14.73   14.77</time>
   <energy>
    <i name="e_fr_energy">     -2.78201407 </i>
    <i name="e_wo_entrp">     -2.78201407 </i>
    <i name="e_0_energy">     -2.78201407 </i>
   </energy>
  </scstep>
  <scstep>
   <time name="dav">    6.42    6.43</time>
   <time name="total">   15.79   15.83</time>
   <energy>
    <i name="e_fr_energy">     -2.78201399 </i>
    <i name="e_wo_entrp">     -2.78201399 </i>
    <i name="e_0_energy">     -2.78201399 </i>
   </energy>
  </scstep>
  <scstep>
   <time name="dav">    5.45    5.46</time>
   <time name="total">   14.67   14.71</time>
   <energy>
    <i name="e_fr_energy">     -2.78201393 </i>
    <i name="e_wo_entrp">     -2.78201393 </i>
    <i name="e_0_energy">     -2.78201393 </i>
   </energy>
  </scstep>
  <scstep>
   <time name="dav">    6.31    6.33</time>
   <time name="total">   15.76   15.80</time>
   <energy>
    <i name="e_fr_energy">     -2.78201387 </i>
    <i name="e_wo_entrp">     -2.78201387 </i>
    <i name="e_0_energy">     -2.78201387 </i>
   </energy>
  </scstep>
  <scstep>
   <time name="dav">    5.47    5.48</time>
   <time name="total">   14.80   14.84</time>
   <energy>
    <i name="e_fr_energy">     -2.78201381 </i>
    <i name="e_wo_entrp">     -2.78201381 </i>
    <i name="e_0_energy">     -2.78201381 </i>
   </energy>
  </scstep>
  <scstep>
   <time name="dav">    6.37    6.39</time>
   <time name="total">   15.87   15.91</time>
   <energy>
    <i name="e_fr_energy">     -2.78201376 </i>
    <i name="e_wo_entrp">     -2.78201376 </i>
    <i name="e_0_energy">     -2.78201376 </i>
   </energy>
  </scstep>
  <scstep>
   <time name="dav">    5.40    5.41</time>
   <time name="total">   14.72   14.76</time>
   <energy>
    <i name="e_fr_energy">     -2.78201372 </i>
    <i name="e_wo_entrp">     -2.78201372 </i>
    <i name="e_0_energy">     -2.78201372 </i>
   </energy>
  </scstep>
  <scstep>
   <time name="dav">    6.34    6.36</time>
   <time name="total">   15.59   15.63</time>
   <energy>
    <i name="e_fr_energy">     -2.78201368 </i>
    <i name="e_wo_entrp">     -2.78201368 </i>
    <i name="e_0_energy">     -2.78201368 </i>
   </energy>
  </scstep>
  <scstep>
   <time name="dav">    5.47    5.48</time>
   <time name="total">   14.66   14.69</time>
   <energy>
    <i name="e_fr_energy">     -2.78201364 </i>
    <i name="e_wo_entrp">     -2.78201364 </i>
    <i name="e_0_energy">     -2.78201364 </i>
   </energy>
  </scstep>
  <scstep>
   <time name="dav">    6.40    6.41</time>
   <time name="total">   15.74   15.77</time>
   <energy>
    <i name="e_fr_energy">     -2.78201361 </i>
    <i name="e_wo_entrp">     -2.78201361 </i>
    <i name="e_0_energy">     -2.78201361 </i>
   </energy>
  </scstep>
  <scstep>
   <time name="dav">    5.45    5.47</time>
   <time name="total">   14.80   14.85</time>
   <energy>
    <i name="e_fr_energy">     -2.78201358 </i>
    <i name="e_wo_entrp">     -2.78201358 </i>
    <i name="e_0_energy">     -2.78201358 </i>
   </energy>
  </scstep>
  <scstep>
   <time name="dav">    6.28    6.30</time>
   <time name="total">   15.65   15.69</time>
   <energy>
    <i name="e_fr_energy">     -2.78201355 </i>
    <i name="e_wo_entrp">     -2.78201355 </i>
    <i name="e_0_energy">     -2.78201355 </i>
   </energy>
  </scstep>
  <scstep>
   <time name="dav">    5.40    5.42</time>
   <time name="total">   14.69   14.73</time>
   <energy>
    <i name="e_fr_energy">     -2.78201352 </i>
    <i name="e_wo_entrp">     -2.78201352 </i>
    <i name="e_0_energy">     -2.78201352 </i>
   </energy>
  </scstep>
  <scstep>
   <time name="dav">    6.39    6.40</time>
   <time name="total">   15.54   15.58</time>
   <energy>
    <i name="e_fr_energy">     -2.78201350 </i>
    <i name="e_wo_entrp">     -2.78201350 </i>
    <i name="e_0_energy">     -2.78201350 </i>
   </energy>
  </scstep>
  <scstep>
   <time name="dav">    5.46    5.47</time>
   <time name="total">   14.60   14.63</time>
   <energy>
    <i name="e_fr_energy">     -2.78201348 </i>
    <i name="e_wo_entrp">     -2.78201348 </i>
    <i name="e_0_energy">     -2.78201348 </i>
   </energy>
  </scstep>
  <scstep>
   <time name="dav">    6.36    6.37</time>
   <time name="total">   15.46   15.50</time>
   <energy>
    <i name="e_fr_energy">     -2.78201346 </i>
    <i name="e_wo_entrp">     -2.78201346 </i>
    <i name="e_0_energy">     -2.78201346 </i>
   </energy>
  </scstep>
  <scstep>
   <time name="dav">    5.46    5.47</time>
   <time name="total">   14.77   14.81</time>
   <energy>
    <i name="e_fr_energy">     -2.78201344 </i>
    <i name="e_wo_entrp">     -2.78201344 </i>
    <i name="e_0_energy">     -2.78201344 </i>
   </energy>
  </scstep>
  <scstep>
   <time name="dav">    6.43    6.45</time>
   <time name="total">   15.78   15.83</time>
   <energy>
    <i name="e_fr_energy">     -2.78201342 </i>
    <i name="e_wo_entrp">     -2.78201342 </i>
    <i name="e_0_energy">     -2.78201342 </i>
   </energy>
  </scstep>
  <scstep>
   <time name="dav">    5.86    5.87</time>
   <time name="total">   15.14   15.18</time>
   <energy>
    <i name="e_fr_energy">     -2.78201341 </i>
    <i name="e_wo_entrp">     -2.78201341 </i>
    <i name="e_0_energy">     -2.78201341 </i>
   </energy>
  </scstep>
  <scstep>
   <time name="dav">    6.37    6.38</time>
   <time name="total">   15.69   15.74</time>
   <energy>
    <i name="e_fr_energy">     -2.78201340 </i>
    <i name="e_wo_entrp">     -2.78201340 </i>
    <i name="e_0_energy">     -2.78201340 </i>
   </energy>
  </scstep>
  <scstep>
   <time name="dav">    5.44    5.46</time>
   <time name="total">   14.68   14.72</time>
   <energy>
    <i name="e_fr_energy">     -2.78201338 </i>
    <i name="e_wo_entrp">     -2.78201338 </i>
    <i name="e_0_energy">     -2.78201338 </i>
   </energy>
  </scstep>
  <scstep>
   <time name="dav">    6.39    6.41</time>
   <time name="total">   15.67   15.72</time>
   <energy>
    <i name="e_fr_energy">     -2.78201337 </i>
    <i name="e_wo_entrp">     -2.78201337 </i>
    <i name="e_0_energy">     -2.78201337 </i>
   </energy>
  </scstep>
  <scstep>
   <time name="dav">    5.87    5.88</time>
   <time name="total">   15.27   15.31</time>
   <energy>
    <i name="e_fr_energy">     -2.78201336 </i>
    <i name="e_wo_entrp">     -2.78201336 </i>
    <i name="e_0_energy">     -2.78201336 </i>
   </energy>
  </scstep>
  <scstep>
   <time name="dav">    6.39    6.40</time>
   <time name="total">    9.02    9.04</time>
   <energy>
    <i name="alphaZ">      0.50779840 </i>
    <i name="ewald">   -306.42360008 </i>
    <i name="hartreedc">  -1421.96928603 </i>
    <i name="XCdc">     20.94863913 </i>
    <i name="pawpsdc">   1784.92448018 </i>
    <i name="pawaedc">  -1747.45258683 </i>
    <i name="eentropy">      0.00000000 </i>
    <i name="bandstr">   -386.77226201 </i>
    <i name="atom">   1958.75246430 </i>
    <i name="e_fr_energy">     -2.78201335 </i>
    <i name="e_wo_entrp">     -2.78201335 </i>
    <i name="e_0_energy">     -2.78201335 </i>
   </energy>
  </scstep>
  <structure>
   <crystal>
    <varray name="basis" >
     <v>      15.00000000       0.00000000       0.00000000 </v>
     <v>       0.00000000      15.00000000       0.00000000 </v>
     <v>       0.00000000       0.00000000      15.00000000 </v>
    </varray>
    <i name="volume">   3375.00000000 </i>
    <varray name="rec_basis" >
     <v>       0.06666667       0.00000000       0.00000000 </v>
     <v>       0.00000000       0.06666667       0.00000000 </v>
     <v>       0.00000000       0.00000000       0.06666667 </v>
    </varray>
   </crystal>
   <varray name="positions" >
    <v>       0.50000000       0.50000000       0.50000000 </v>
   </varray>
  </structure>
  <varray name="forces" >
   <v>       0.00000000       0.00000000       0.00000000 </v>
  </varray>
  <varray name="stress" >
   <v>      -0.02841035       0.00000000      -0.00000000 </v>
   <v>       0.00000000      -0.02841035      -0.00000000 </v>
   <v>       0.00000000       0.00000000      -0.02841035 </v>
  </varray>
  <energy>
   <i name="e_fr_energy">     -2.78201335 </i>
   <i name="e_wo_entrp">     -2.78201335 </i>
   <i name="e_0_energy">      0.00000000 </i>
  </energy>
  <time name="totalsc"> 1931.75 1937.25</time>
  <eigenvalues>
   <array>
    <dimension dim="1">band</dimension>
    <dimension dim="2">kpoint</dimension>
    <dimension dim="3">spin</dimension>
    <field>eigene</field>
    <field>occ</field>
    <set>
     <set comment="spin 1">
      <set comment="kpoint 1">
       <r>  -33.2904    1.0000 </r>
       <r>  -33.2418    1.0000 </r>
       <r>  -33.2046    1.0000 </r>
       <r>  -33.1823    1.0000 </r>
       <r>  -33.1798    1.0000 </r>
       <r>  -17.7338    1.0000 </r>
       <r>   -7.0133    1.0000 </r>
       <r>   -4.3295   -0.2022 </r>
       <r>   -2.1434    0.0000 </r>
       <r>   -0.0006    0.0000 </r>
       <r>    0.6398    0.0000 </r>
       <r>    0.7214    0.0000 </r>
      </set>
      <set comment="kpoint 2">
       <r>  -33.2904    1.0000 </r>
       <r>  -33.2417    1.0000 </r>
       <r>  -33.2046    1.0000 </r>
       <r>  -33.1823    1.0000 </r>
       <r>  -33.1798    1.0000 </r>
       <r>  -17.7331    1.0000 </r>
       <r>   -7.0133    1.0000 </r>
       <r>   -5.0081    0.8939 </r>
       <r>   -2.1434    0.0000 </r>
       <r>    0.1206    0.0000 </r>
       <r>    0.2557    0.0000 </r>
       <r>    0.8177    0.0000 </r>
      </set>
      <set comment="kpoint 3">
       <r>  -33.2904    1.0000 </r>
       <r>  -33.2418    1.0000 </r>
       <r>  -33.2046    1.0000 </r>
       <r>  -33.1823    1.0000 </r>
       <r>  -33.1798    1.0000 </r>
       <r>  -17.7336    1.0000 </r>
       <r>   -7.0132    1.0000 </r>
       <r>   -4.5742    0.1061 </r>
       <r>   -2.1435    0.0000 </r>
       <r>    0.2321    0.0000 </r>
       <r>    0.4098    0.0000 </r>
       <r>    0.4216    0.0000 </r>
      </set>
      <set comment="kpoint 4">
       <r>  -33.2904    1.0000 </r>
       <r>  -33.2417    1.0000 </r>
       <r>  -33.2046    1.0000 </r>
       <r>  -33.1822    1.0000 </r>
       <r>  -33.1798    1.0000 </r>
       <r>  -17.7329    1.0000 </r>
       <r>   -7.0132    1.0000 </r>
       <r>   -5.2528    1.2022 </r>
       <r>   -2.1436    0.0000 </r>
       <r>    0.3377    0.0000 </r>
       <r>    0.5602    0.0000 </r>
       <r>    0.5756    0.0000 </r>
      </set>
     </set>
    </set>
   </array>
  </eigenvalues>
  <separator name="orbital magnetization" >
   <v name="MAGDIPOLOUT">      0.00000000      0.00000000      0.00000000</v>
  </separator>
  <dos>
   <i name="efermi">     -4.79113941 </i>
   <total>
    <array>
     <dimension dim="1">gridpoints</dimension>
     <dimension dim="2">spin</dimension>
     <field>energy</field>
     <field>total</field>
     <field>integrated</field>
     <set>
      <set comment="spin 1">
       <r>   -34.9958     0.0000     0.0000 </r>
       <r>   -34.8708     0.0000     0.0000 </r>
       <r>   -34.7457     0.0000     0.0000 </r>
       <r>   -34.6206     0.0000     0.0000 </r>
       <r>   -34.4956     0.0000     0.0000 </r>
       <r>   -34.3705     0.0000     0.0000 </r>
       <r>   -34.2454     0.0000     0.0000 </r>
       <r>   -34.1204     0.0000     0.0000 </r>
       <r>   -33.9953     0.0000     0.0000 </r>
       <r>   -33.8703     0.0000     0.0000 </r>
       <r>   -33.7452     0.0000     0.0000 </r>
       <r>   -33.6201     0.0000     0.0000 </r>
       <r>   -33.4951     0.0000     0.0000 </r>
       <r>   -33.3700     0.0000     0.0000 </r>
       <r>   -33.2449     0.0000     2.0000 </r>
       <r>   -33.1199     0.0000    10.0000 </r>
       <r>   -32.9948     0.0000    10.0000 </r>
       <r>   -32.8698     0.0000    10.0000 </r>
       <r>   -32.7447     0.0000    10.0000 </r>
       <r>   -32.6196     0.0000    10.0000 </r>
       <r>   -32.4946     0.0000    10.0000 </r>
       <r>   -32.3695     0.0000    10.0000 </r>
       <r>   -32.2444     0.0000    10.0000 </r>
       <r>   -32.1194     0.0000    10.0000 </r>
       <r>   -31.9943     0.0000    10.0000 </r>
       <r>   -31.8693     0.0000    10.0000 </r>
       <r>   -31.7442     0.0000    10.0000 </r>
       <r>   -31.6191     0.0000    10.0000 </r>
       <r>   -31.4941     0.0000    10.0000 </r>
       <r>   -31.3690     0.0000    10.0000 </r>
       <r>   -31.2439     0.0000    10.0000 </r>
       <r>   -31.1189     0.0000    10.0000 </r>
       <r>   -30.9938     0.0000    10.0000 </r>
       <r>   -30.8687     0.0000    10.0000 </r>
       <r>   -30.7437     0.0000    10.0000 </r>
       <r>   -30.6186     0.0000    10.0000 </r>
       <r>   -30.4936     0.0000    10.0000 </r>
       <r>   -30.3685     0.0000    10.0000 </r>
       <r>   -30.2434     0.0000    10.0000 </r>
       <r>   -30.1184     0.0000    10.0000 </r>
       <r>   -29.9933     0.0000    10.0000 </r>
       <r>   -29.8682     0.0000    10.0000 </r>
       <r>   -29.7432     0.0000    10.0000 </r>
       <r>   -29.6181     0.0000    10.0000 </r>
       <r>   -29.4931     0.0000    10.0000 </r>
       <r>   -29.3680     0.0000    10.0000 </r>
       <r>   -29.2429     0.0000    10.0000 </r>
       <r>   -29.1179     0.0000    10.0000 </r>
       <r>   -28.9928     0.0000    10.0000 </r>
       <r>   -28.8677     0.0000    10.0000 </r>
       <r>   -28.7427     0.0000    10.0000 </r>
       <r>   -28.6176     0.0000    10.0000 </r>
       <r>   -28.4926     0.0000    10.0000 </r>
       <r>   -28.3675     0.0000    10.0000 </r>
       <r>   -28.2424     0.0000    10.0000 </r>
       <r>   -28.1174     0.0000    10.0000 </r>
       <r>   -27.9923     0.0000    10.0000 </r>
       <r>   -27.8672     0.0000    10.0000 </r>
       <r>   -27.7422     0.0000    10.0000 </r>
       <r>   -27.6171     0.0000    10.0000 </r>
       <r>   -27.4920     0.0000    10.0000 </r>
       <r>   -27.3670     0.0000    10.0000 </r>
       <r>   -27.2419     0.0000    10.0000 </r>
       <r>   -27.1169     0.0000    10.0000 </r>
       <r>   -26.9918     0.0000    10.0000 </r>
       <r>   -26.8667     0.0000    10.0000 </r>
       <r>   -26.7417     0.0000    10.0000 </r>
       <r>   -26.6166     0.0000    10.0000 </r>
       <r>   -26.4915     0.0000    10.0000 </r>
       <r>   -26.3665     0.0000    10.0000 </r>
       <r>   -26.2414     0.0000    10.0000 </r>
       <r>   -26.1164     0.0000    10.0000 </r>
       <r>   -25.9913     0.0000    10.0000 </r>
       <r>   -25.8662     0.0000    10.0000 </r>
       <r>   -25.7412     0.0000    10.0000 </r>
       <r>   -25.6161     0.0000    10.0000 </r>
       <r>   -25.4910     0.0000    10.0000 </r>
       <r>   -25.3660     0.0000    10.0000 </r>
       <r>   -25.2409     0.0000    10.0000 </r>
       <r>   -25.1159     0.0000    10.0000 </r>
       <r>   -24.9908     0.0000    10.0000 </r>
       <r>   -24.8657     0.0000    10.0000 </r>
       <r>   -24.7407     0.0000    10.0000 </r>
       <r>   -24.6156     0.0000    10.0000 </r>
       <r>   -24.4905     0.0000    10.0000 </r>
       <r>   -24.3655     0.0000    10.0000 </r>
       <r>   -24.2404     0.0000    10.0000 </r>
       <r>   -24.1153     0.0000    10.0000 </r>
       <r>   -23.9903     0.0000    10.0000 </r>
       <r>   -23.8652     0.0000    10.0000 </r>
       <r>   -23.7402     0.0000    10.0000 </r>
       <r>   -23.6151     0.0000    10.0000 </r>
       <r>   -23.4900     0.0000    10.0000 </r>
       <r>   -23.3650     0.0000    10.0000 </r>
       <r>   -23.2399     0.0000    10.0000 </r>
       <r>   -23.1148     0.0000    10.0000 </r>
       <r>   -22.9898     0.0000    10.0000 </r>
       <r>   -22.8647     0.0000    10.0000 </r>
       <r>   -22.7397     0.0000    10.0000 </r>
       <r>   -22.6146     0.0000    10.0000 </r>
       <r>   -22.4895     0.0000    10.0000 </r>
       <r>   -22.3645     0.0000    10.0000 </r>
       <r>   -22.2394     0.0000    10.0000 </r>
       <r>   -22.1143     0.0000    10.0000 </r>
       <r>   -21.9893     0.0000    10.0000 </r>
       <r>   -21.8642     0.0000    10.0000 </r>
       <r>   -21.7392     0.0000    10.0000 </r>
       <r>   -21.6141     0.0000    10.0000 </r>
       <r>   -21.4890     0.0000    10.0000 </r>
       <r>   -21.3640     0.0000    10.0000 </r>
       <r>   -21.2389     0.0000    10.0000 </r>
       <r>   -21.1138     0.0000    10.0000 </r>
       <r>   -20.9888     0.0000    10.0000 </r>
       <r>   -20.8637     0.0000    10.0000 </r>
       <r>   -20.7386     0.0000    10.0000 </r>
       <r>   -20.6136     0.0000    10.0000 </r>
       <r>   -20.4885     0.0000    10.0000 </r>
       <r>   -20.3635     0.0000    10.0000 </r>
       <r>   -20.2384     0.0000    10.0000 </r>
       <r>   -20.1133     0.0000    10.0000 </r>
       <r>   -19.9883     0.0000    10.0000 </r>
       <r>   -19.8632     0.0000    10.0000 </r>
       <r>   -19.7381     0.0000    10.0000 </r>
       <r>   -19.6131     0.0000    10.0000 </r>
       <r>   -19.4880     0.0000    10.0000 </r>
       <r>   -19.3630     0.0000    10.0000 </r>
       <r>   -19.2379     0.0000    10.0000 </r>
       <r>   -19.1128     0.0000    10.0000 </r>
       <r>   -18.9878     0.0000    10.0000 </r>
       <r>   -18.8627     0.0000    10.0000 </r>
       <r>   -18.7376     0.0000    10.0000 </r>
       <r>   -18.6126     0.0000    10.0000 </r>
       <r>   -18.4875     0.0000    10.0000 </r>
       <r>   -18.3625     0.0000    10.0000 </r>
       <r>   -18.2374     0.0000    10.0000 </r>
       <r>   -18.1123     0.0000    10.0000 </r>
       <r>   -17.9873     0.0000    10.0000 </r>
       <r>   -17.8622     0.0000    10.0000 </r>
       <r>   -17.7371     0.0000    10.0000 </r>
       <r>   -17.6121     0.0000    12.0000 </r>
       <r>   -17.4870     0.0000    12.0000 </r>
       <r>   -17.3620     0.0000    12.0000 </r>
       <r>   -17.2369     0.0000    12.0000 </r>
       <r>   -17.1118     0.0000    12.0000 </r>
       <r>   -16.9868     0.0000    12.0000 </r>
       <r>   -16.8617     0.0000    12.0000 </r>
       <r>   -16.7366     0.0000    12.0000 </r>
       <r>   -16.6116     0.0000    12.0000 </r>
       <r>   -16.4865     0.0000    12.0000 </r>
       <r>   -16.3614     0.0000    12.0000 </r>
       <r>   -16.2364     0.0000    12.0000 </r>
       <r>   -16.1113     0.0000    12.0000 </r>
       <r>   -15.9863     0.0000    12.0000 </r>
       <r>   -15.8612     0.0000    12.0000 </r>
       <r>   -15.7361     0.0000    12.0000 </r>
       <r>   -15.6111     0.0000    12.0000 </r>
       <r>   -15.4860     0.0000    12.0000 </r>
       <r>   -15.3609     0.0000    12.0000 </r>
       <r>   -15.2359     0.0000    12.0000 </r>
       <r>   -15.1108     0.0000    12.0000 </r>
       <r>   -14.9858     0.0000    12.0000 </r>
       <r>   -14.8607     0.0000    12.0000 </r>
       <r>   -14.7356     0.0000    12.0000 </r>
       <r>   -14.6106     0.0000    12.0000 </r>
       <r>   -14.4855     0.0000    12.0000 </r>
       <r>   -14.3604     0.0000    12.0000 </r>
       <r>   -14.2354     0.0000    12.0000 </r>
       <r>   -14.1103     0.0000    12.0000 </r>
       <r>   -13.9853     0.0000    12.0000 </r>
       <r>   -13.8602     0.0000    12.0000 </r>
       <r>   -13.7351     0.0000    12.0000 </r>
       <r>   -13.6101     0.0000    12.0000 </r>
       <r>   -13.4850     0.0000    12.0000 </r>
       <r>   -13.3599     0.0000    12.0000 </r>
       <r>   -13.2349     0.0000    12.0000 </r>
       <r>   -13.1098     0.0000    12.0000 </r>
       <r>   -12.9847     0.0000    12.0000 </r>
       <r>   -12.8597     0.0000    12.0000 </r>
       <r>   -12.7346     0.0000    12.0000 </r>
       <r>   -12.6096     0.0000    12.0000 </r>
       <r>   -12.4845     0.0000    12.0000 </r>
       <r>   -12.3594     0.0000    12.0000 </r>
       <r>   -12.2344     0.0000    12.0000 </r>
       <r>   -12.1093     0.0000    12.0000 </r>
       <r>   -11.9842     0.0000    12.0000 </r>
       <r>   -11.8592     0.0000    12.0000 </r>
       <r>   -11.7341     0.0000    12.0000 </r>
       <r>   -11.6091     0.0000    12.0000 </r>
       <r>   -11.4840     0.0000    12.0000 </r>
       <r>   -11.3589     0.0000    12.0000 </r>
       <r>   -11.2339     0.0000    12.0000 </r>
       <r>   -11.1088     0.0000    12.0000 </r>
       <r>   -10.9837     0.0000    12.0000 </r>
       <r>   -10.8587     0.0000    12.0000 </r>
       <r>   -10.7336     0.0000    12.0000 </r>
       <r>   -10.6086     0.0000    12.0000 </r>
       <r>   -10.4835     0.0000    12.0000 </r>
       <r>   -10.3584     0.0000    12.0000 </r>
       <r>   -10.2334     0.0000    12.0000 </r>
       <r>   -10.1083     0.0000    12.0000 </r>
       <r>    -9.9832     0.0000    12.0000 </r>
       <r>    -9.8582     0.0000    12.0000 </r>
       <r>    -9.7331     0.0000    12.0000 </r>
       <r>    -9.6080     0.0000    12.0000 </r>
       <r>    -9.4830     0.0000    12.0000 </r>
       <r>    -9.3579     0.0000    12.0000 </r>
       <r>    -9.2329     0.0000    12.0000 </r>
       <r>    -9.1078     0.0000    12.0000 </r>
       <r>    -8.9827     0.0000    12.0000 </r>
       <r>    -8.8577     0.0000    12.0000 </r>
       <r>    -8.7326     0.0000    12.0000 </r>
       <r>    -8.6075     0.0000    12.0000 </r>
       <r>    -8.4825     0.0000    12.0000 </r>
       <r>    -8.3574     0.0000    12.0000 </r>
       <r>    -8.2324     0.0000    12.0000 </r>
       <r>    -8.1073     0.0000    12.0000 </r>
       <r>    -7.9822     0.0000    12.0000 </r>
       <r>    -7.8572     0.0000    12.0000 </r>
       <r>    -7.7321     0.0000    12.0000 </r>
       <r>    -7.6070     0.0000    12.0000 </r>
       <r>    -7.4820     0.0000    12.0000 </r>
       <r>    -7.3569     0.0000    12.0000 </r>
       <r>    -7.2319     0.0000    12.0000 </r>
       <r>    -7.1068     0.0000    12.0000 </r>
       <r>    -6.9817     0.0000    14.0000 </r>
       <r>    -6.8567     0.0000    14.0000 </r>
       <r>    -6.7316     0.0000    14.0000 </r>
       <r>    -6.6065     0.0000    14.0000 </r>
       <r>    -6.4815     0.0000    14.0000 </r>
       <r>    -6.3564     0.0000    14.0000 </r>
       <r>    -6.2313     0.0000    14.0000 </r>
       <r>    -6.1063     0.0000    14.0000 </r>
       <r>    -5.9812     0.0000    14.0000 </r>
       <r>    -5.8562     0.0000    14.0000 </r>
       <r>    -5.7311     0.0000    14.0000 </r>
       <r>    -5.6060     0.0000    14.0000 </r>
       <r>    -5.4810     0.0000    14.0000 </r>
       <r>    -5.3559     0.0000    14.0000 </r>
       <r>    -5.2308     0.0111    14.0001 </r>
       <r>    -5.1058     0.4991    14.0245 </r>
       <r>    -4.9807     2.3420    14.1640 </r>
       <r>    -4.8557     5.0841    14.6565 </r>
       <r>    -4.7306     5.1269    15.3232 </r>
       <r>    -4.6055     2.4706    15.8264 </r>
       <r>    -4.4805     0.5264    15.9735 </r>
       <r>    -4.3554     0.0155    15.9999 </r>
       <r>    -4.2303     0.0000    16.0000 </r>
       <r>    -4.1053     0.0000    16.0000 </r>
       <r>    -3.9802     0.0000    16.0000 </r>
       <r>    -3.8552     0.0000    16.0000 </r>
       <r>    -3.7301     0.0000    16.0000 </r>
       <r>    -3.6050     0.0000    16.0000 </r>
       <r>    -3.4800     0.0000    16.0000 </r>
       <r>    -3.3549     0.0000    16.0000 </r>
       <r>    -3.2298     0.0000    16.0000 </r>
       <r>    -3.1048     0.0000    16.0000 </r>
       <r>    -2.9797     0.0000    16.0000 </r>
       <r>    -2.8547     0.0000    16.0000 </r>
       <r>    -2.7296     0.0000    16.0000 </r>
       <r>    -2.6045     0.0000    16.0000 </r>
       <r>    -2.4795     0.0000    16.0000 </r>
       <r>    -2.3544     0.0000    16.0000 </r>
       <r>    -2.2293     0.0000    16.0000 </r>
       <r>    -2.1043     0.0000    18.0000 </r>
       <r>    -1.9792     0.0000    18.0000 </r>
       <r>    -1.8541     0.0000    18.0000 </r>
       <r>    -1.7291     0.0000    18.0000 </r>
       <r>    -1.6040     0.0000    18.0000 </r>
       <r>    -1.4790     0.0000    18.0000 </r>
       <r>    -1.3539     0.0000    18.0000 </r>
       <r>    -1.2288     0.0000    18.0000 </r>
       <r>    -1.1038     0.0000    18.0000 </r>
       <r>    -0.9787     0.0000    18.0000 </r>
       <r>    -0.8536     0.0000    18.0000 </r>
       <r>    -0.7286     0.0000    18.0000 </r>
       <r>    -0.6035     0.0000    18.0000 </r>
       <r>    -0.4785     0.0000    18.0000 </r>
       <r>    -0.3534     0.0000    18.0000 </r>
       <r>    -0.2283     0.0000    18.0000 </r>
       <r>    -0.1033     0.0000    18.0000 </r>
       <r>     0.0218     0.2988    18.0022 </r>
       <r>     0.1469    12.0566    18.6310 </r>
       <r>     0.2719     6.1958    19.9450 </r>
       <r>     0.3970     9.8465    21.0528 </r>
       <r>     0.5220     8.5751    22.1554 </r>
       <r>     0.6471     7.3883    23.1383 </r>
       <r>     0.7722     3.7156    23.9100 </r>
       <r>     0.8972     0.0000    24.0000 </r>
       <r>     1.0223     0.0000    24.0000 </r>
       <r>     1.1474     0.0000    24.0000 </r>
       <r>     1.2724     0.0000    24.0000 </r>
       <r>     1.3975     0.0000    24.0000 </r>
       <r>     1.5226     0.0000    24.0000 </r>
       <r>     1.6476     0.0000    24.0000 </r>
       <r>     1.7727     0.0000    24.0000 </r>
       <r>     1.8977     0.0000    24.0000 </r>
       <r>     2.0228     0.0000    24.0000 </r>
       <r>     2.1479     0.0000    24.0000 </r>
       <r>     2.2729     0.0000    24.0000 </r>
       <r>     2.3980     0.0000    24.0000 </r>
       <r>     2.5231     0.0000    24.0000 </r>
      </set>
     </set>
    </array>
   </total>
  </dos>
 </calculation>
 <structure name="finalpos" >
  <crystal>
   <varray name="basis" >
    <v>      15.00000000       0.00000000       0.00000000 </v>
    <v>       0.00000000      15.00000000       0.00000000 </v>
    <v>       0.00000000       0.00000000      15.00000000 </v>
   </varray>
   <i name="volume">   3375.00000000 </i>
   <varray name="rec_basis" >
    <v>       0.06666667       0.00000000       0.00000000 </v>
    <v>       0.00000000       0.06666667       0.00000000 </v>
    <v>       0.00000000       0.00000000       0.06666667 </v>
   </varray>
  </crystal>
  <varray name="positions" >
   <v>       0.50000000       0.50000000       0.50000000 </v>
  </varray>
 </structure>
</modeling>
