<?xml version="1.0" encoding="ISO-8859-1"?>
<modeling>
 <generator>
  <i name="program" type="string">vasp </i>
  <i name="version" type="string">5.4.4.18Apr17-6-g9f103f2a35  </i>
  <i name="subversion" type="string">(build Jul 30 2020 14:31:59) complex            parallel </i>
  <i name="platform" type="string">LinuxIFC </i>
  <i name="date" type="string">2024 07 31 </i>
  <i name="time" type="string">04:21:38 </i>
 </generator>
 <incar>
  <i type="string" name="SYSTEM">  ZnO_Bulk</i>
  <i type="int" name="ISTART">     1</i>
  <i type="string" name="PREC">accurate</i>
  <i type="int" name="IALGO">    38</i>
  <i type="logical" name="ADDGRID"> T  </i>
  <i type="int" name="NELM">   200</i>
  <i type="int" name="IBRION">     1</i>
  <i name="EDIFF">      0.00000001</i>
  <i name="EDIFFG">     -0.00040000</i>
  <i type="int" name="NSW">     0</i>
  <i type="int" name="ISIF">     4</i>
  <i type="int" name="IWAVPR">    11</i>
  <i type="int" name="ISYM">     1</i>
  <i name="SYMPREC">      0.00000001</i>
  <i type="int" name="NBLOCK">     1</i>
  <i type="int" name="KBLOCK">    40</i>
  <i name="ENMAX">    950.00000000</i>
  <i type="logical" name="LREAL"> F  </i>
  <i name="TIME">      0.30000000</i>
  <i type="int" name="ISMEAR">    -5</i>
  <i name="SIGMA">      0.01000000</i>
  <i type="logical" name="LCORR"> T  </i>
  <i type="logical" name="LWAVE"> T  </i>
  <i type="logical" name="LCHARG"> F  </i>
  <i type="logical" name="LASPH"> T  </i>
  <v type="int" name="KPOINT_BSE">    -1     0     0     0</v>
  <i type="int" name="NELM">   200</i>
  <i type="logical" name="LHFCALC"> T  </i>
  <i type="string" name="GGA"> PS</i>
  <i name="AEXX">      0.60000000</i>
  <i type="string" name="PRECFOCK">fast</i>
  <i type="logical" name="LASPH"> T  </i>
 </incar>
 <structure name="primitive_cell" >
  <crystal>
   <varray name="basis" >
    <v>      15.00000000       0.00000000       0.00000000 </v>
    <v>       0.00000000      15.00000000       0.00000000 </v>
    <v>       0.00000000       0.00000000      15.00000000 </v>
   </varray>
   <i name="volume">   3375.00000000 </i>
   <varray name="rec_basis" >
    <v>       0.06666667       0.00000000       0.00000000 </v>
    <v>       0.00000000       0.06666667       0.00000000 </v>
    <v>       0.00000000       0.00000000       0.06666667 </v>
   </varray>
  </crystal>
  <varray name="positions" >
   <v>      -0.50000000      -0.50000000      -0.50000000 </v>
  </varray>
 </structure>
 <varray name="primitive_index" >
  <v type="int" >        1 </v>
 </varray>
 <kpoints>
  <generation param="Gamma">
   <v type="int" name="divisions">       2        2        2 </v>
   <v name="usershift">      0.00000000       0.00000000       0.00000000 </v>
   <v name="genvec1">      0.50000000       0.00000000       0.00000000 </v>
   <v name="genvec2">      0.00000000       0.50000000       0.00000000 </v>
   <v name="genvec3">      0.00000000       0.00000000       0.50000000 </v>
   <v name="shift">      0.00000000       0.00000000       0.00000000 </v>
  </generation>
  <varray name="kpointlist" >
   <v>       0.00000000       0.00000000       0.00000000 </v>
   <v>       0.50000000       0.00000000       0.00000000 </v>
   <v>       0.50000000       0.50000000       0.00000000 </v>
   <v>       0.50000000       0.50000000       0.50000000 </v>
  </varray>
  <varray name="weights" >
   <v>       0.12500000 </v>
   <v>       0.37500000 </v>
   <v>       0.37500000 </v>
   <v>       0.12500000 </v>
  </varray>
  <varray name="tetrahedronlist"  type="int" >
   <v type="int" >       12        1        2        2        3 </v>
   <v type="int" >       12        2        2        3        3 </v>
   <v type="int" >       12        2        3        3        4 </v>
   <v type="int" >       12        1        2        3        4 </v>
  </varray>
  <i name="volumeweight">      0.02083333 </i>
 </kpoints>
 <parameters>
  <separator name="general" >
   <i type="string" name="SYSTEM">ZnO_Bulk</i>
   <i type="logical" name="LCOMPAT"> F  </i>
  </separator>
  <separator name="electronic" >
   <i type="string" name="PREC">accura</i>
   <i name="ENMAX">    950.00000000</i>
   <i name="ENAUG">    598.47300000</i>
   <i name="EDIFF">      0.00000001</i>
   <i type="int" name="IALGO">    38</i>
   <i type="int" name="IWAVPR">    11</i>
   <i type="int" name="NBANDS">    10</i>
   <i name="NELECT">     11.00000000</i>
   <i type="int" name="TURBO">     0</i>
   <i type="int" name="IRESTART">     0</i>
   <i type="int" name="NREBOOT">     0</i>
   <i type="int" name="NMIN">     0</i>
   <i name="EREF">      0.00000000</i>
   <separator name="electronic smearing" >
    <i type="int" name="ISMEAR">    -5</i>
    <i name="SIGMA">      0.01000000</i>
    <i name="KSPACING">      0.50000000</i>
    <i type="logical" name="KGAMMA"> T  </i>
   </separator>
   <separator name="electronic projectors" >
    <i type="logical" name="LREAL"> F  </i>
    <v name="ROPT">      0.00000000</v>
    <i type="int" name="LMAXPAW">  -100</i>
    <i type="int" name="LMAXMIX">     2</i>
    <i type="logical" name="NLSPLINE"> F  </i>
   </separator>
   <separator name="electronic startup" >
    <i type="int" name="ISTART">     0</i>
    <i type="int" name="ICHARG">     2</i>
    <i type="int" name="INIWAV">     1</i>
   </separator>
   <separator name="electronic spin" >
    <i type="int" name="ISPIN">     1</i>
    <i type="logical" name="LNONCOLLINEAR"> F  </i>
    <v name="MAGMOM">      1.00000000</v>
    <i name="NUPDOWN">     -1.00000000</i>
    <i type="logical" name="LSORBIT"> F  </i>
    <v name="SAXIS">      0.00000000      0.00000000      1.00000000</v>
    <i type="logical" name="LSPIRAL"> F  </i>
    <v name="QSPIRAL">      0.00000000      0.00000000      0.00000000</v>
    <i type="logical" name="LZEROZ"> F  </i>
   </separator>
   <separator name="electronic exchange-correlation" >
    <i type="logical" name="LASPH"> T  </i>
    <i type="logical" name="LMETAGGA"> F  </i>
   </separator>
   <separator name="electronic convergence" >
    <i type="int" name="NELM">   200</i>
    <i type="int" name="NELMDL">     0</i>
    <i type="int" name="NELMIN">     2</i>
    <i name="ENINI">    950.00000000</i>
    <separator name="electronic convergence detail" >
     <i type="logical" name="LDIAG"> T  </i>
     <i type="logical" name="LSUBROT"> F  </i>
     <i name="WEIMIN">      0.00000000</i>
     <i name="EBREAK">      0.00000000</i>
     <i name="DEPER">      0.30000000</i>
     <i type="int" name="NRMM">     4</i>
     <i name="TIME">      0.30000000</i>
    </separator>
   </separator>
   <separator name="electronic mixer" >
    <i name="AMIX">      0.40000000</i>
    <i name="BMIX">      1.00000000</i>
    <i name="AMIN">      0.10000000</i>
    <i name="AMIX_MAG">      1.60000000</i>
    <i name="BMIX_MAG">      1.00000000</i>
    <separator name="electronic mixer details" >
     <i type="int" name="IMIX">     1</i>
     <i type="logical" name="MIXFIRST"> F  </i>
     <i type="int" name="MAXMIX">   -45</i>
     <i name="WC">    100.00000000</i>
     <i type="int" name="INIMIX">     1</i>
     <i type="int" name="MIXPRE">     1</i>
     <i type="int" name="MREMOVE">     5</i>
    </separator>
   </separator>
   <separator name="electronic dipolcorrection" >
    <i type="logical" name="LDIPOL"> F  </i>
    <i type="logical" name="LMONO"> F  </i>
    <i type="int" name="IDIPOL">     0</i>
    <i name="EPSILON">      1.00000000</i>
    <v name="DIPOL">   -100.00000000   -100.00000000   -100.00000000</v>
    <i name="EFIELD">      0.00000000</i>
   </separator>
  </separator>
  <separator name="grids" >
   <i type="int" name="NGX">   160</i>
   <i type="int" name="NGY">   160</i>
   <i type="int" name="NGZ">   160</i>
   <i type="int" name="NGXF">   320</i>
   <i type="int" name="NGYF">   320</i>
   <i type="int" name="NGZF">   320</i>
   <i type="logical" name="ADDGRID"> T  </i>
  </separator>
  <separator name="ionic" >
   <i type="int" name="NSW">     0</i>
   <i type="int" name="IBRION">    -1</i>
   <i type="int" name="MDALGO">     0</i>
   <i type="int" name="ISIF">     4</i>
   <i name="PSTRESS">      0.00000000</i>
   <i name="EDIFFG">     -0.00040000</i>
   <i type="int" name="NFREE">     0</i>
   <i name="POTIM">      0.50000000</i>
   <i name="SMASS">     -3.00000000</i>
   <i name="SCALEE">      1.00000000</i>
  </separator>
  <separator name="ionic md" >
   <i name="TEBEG">      0.00010000</i>
   <i name="TEEND">      0.00010000</i>
   <i type="int" name="NBLOCK">     1</i>
   <i type="int" name="KBLOCK">     1</i>
   <i type="int" name="NPACO">   256</i>
   <i name="APACO">     16.00000000</i>
  </separator>
  <separator name="symmetry" >
   <i type="int" name="ISYM">     1</i>
   <i name="SYMPREC">      0.00000001</i>
  </separator>
  <separator name="dos" >
   <i type="int" name="LORBIT">     0</i>
   <v name="RWIGS">     -1.00000000</v>
   <i type="int" name="NEDOS">   301</i>
   <i name="EMIN">     10.00000000</i>
   <i name="EMAX">    -10.00000000</i>
   <i name="EFERMI">      0.00000000</i>
  </separator>
  <separator name="writing" >
   <i type="int" name="NWRITE">     2</i>
   <i type="logical" name="LWAVE"> T  </i>
   <i type="logical" name="LDOWNSAMPLE"> F  </i>
   <i type="logical" name="LCHARG"> F  </i>
   <i type="logical" name="LPARD"> F  </i>
   <i type="logical" name="LVTOT"> F  </i>
   <i type="logical" name="LVHAR"> F  </i>
   <i type="logical" name="LELF"> F  </i>
   <i type="logical" name="LOPTICS"> F  </i>
   <v name="STM">      0.00000000      0.00000000      0.00000000      0.00000000      0.00000000      0.00000000      0.00000000</v>
  </separator>
  <separator name="performance" >
   <i type="int" name="NPAR">     2</i>
   <i type="int" name="NSIM">     4</i>
   <i type="int" name="NBLK">    -1</i>
   <i type="logical" name="LPLANE"> T  </i>
   <i type="logical" name="LSCALAPACK"> T  </i>
   <i type="logical" name="LSCAAWARE"> F  </i>
   <i type="logical" name="LSCALU"> F  </i>
   <i type="logical" name="LASYNC"> F  </i>
   <i type="logical" name="LORBITALREAL"> F  </i>
  </separator>
  <separator name="miscellaneous" >
   <i type="int" name="IDIOT">     3</i>
   <i type="int" name="ISPECIAL">     0</i>
   <i type="logical" name="LMUSIC"> F  </i>
   <v name="POMASS">     50.94100000</v>
   <v name="DARWINR">      0.00000000</v>
   <v name="DARWINV">      1.00000000</v>
   <i type="logical" name="LCORR"> T  </i>
  </separator>
  <i type="logical" name="GGA_COMPAT"> T  </i>
  <i type="logical" name="LBERRY"> F  </i>
  <i type="int" name="ICORELEVEL">     0</i>
  <i type="logical" name="LDAU"> F  </i>
  <i type="int" name="I_CONSTRAINED_M">     0</i>
  <separator name="electronic exchange-correlation" >
   <i type="string" name="GGA">PS</i>
   <i type="int" name="VOSKOWN">     0</i>
   <i type="logical" name="LHFCALC"> T  </i>
   <i type="string" name="PRECFOCK">fast</i>
   <i type="logical" name="LSYMGRAD"> F  </i>
   <i type="logical" name="LHFONE"> F  </i>
   <i type="logical" name="LRHFCALC"> F  </i>
   <i type="logical" name="LTHOMAS"> F  </i>
   <i type="logical" name="LMODELHF"> F  </i>
   <i name="ENCUT4O">     -1.00000000</i>
   <i type="int" name="EXXOEP">     0</i>
   <i type="int" name="FOURORBIT">     0</i>
   <i name="AEXX">      0.60000000</i>
   <i name="HFALPHA">     -1.00000000</i>
   <i name="MCALPHA">      0.00000000</i>
   <i name="ALDAX">      0.40000000</i>
   <i name="AGGAX">      0.40000000</i>
   <i name="ALDAC">      1.00000000</i>
   <i name="AGGAC">      1.00000000</i>
   <i type="int" name="NKREDX">     1</i>
   <i type="int" name="NKREDY">     1</i>
   <i type="int" name="NKREDZ">     1</i>
   <i type="logical" name="SHIFTRED"> F  </i>
   <i type="logical" name="ODDONLY"> F  </i>
   <i type="logical" name="EVENONLY"> F  </i>
   <i type="int" name="LMAXFOCK">     4</i>
   <i type="int" name="NMAXFOCKAE">     1</i>
   <i type="logical" name="LFOCKAEDFT"> F  </i>
   <i name="HFSCREEN">      0.00000000</i>
   <i name="HFSCREENC">      0.00000000</i>
   <i type="int" name="NBANDSGWLOW">     1</i>
  </separator>
  <separator name="vdW DFT" >
   <i type="logical" name="LUSE_VDW"> F  </i>
   <i name="Zab_VDW">     -0.84910000</i>
   <i name="PARAM1">      0.12340000</i>
   <i name="PARAM2">      1.00000000</i>
   <i name="PARAM3">      0.00000000</i>
  </separator>
  <separator name="model GW" >
   <i type="int" name="MODEL_GW">     0</i>
   <i name="MODEL_EPS0">   2025.00000000</i>
   <i name="MODEL_ALPHA">      1.00000000</i>
  </separator>
  <separator name="linear response parameters" >
   <i type="logical" name="LEPSILON"> F  </i>
   <i type="logical" name="LRPA"> F  </i>
   <i type="logical" name="LNABLA"> F  </i>
   <i type="logical" name="LVEL"> F  </i>
   <i type="int" name="KINTER">     0</i>
   <i name="CSHIFT">      0.10000000</i>
   <i name="OMEGAMAX">     -1.00000000</i>
   <i name="DEG_THRESHOLD">      0.00200000</i>
   <i name="RTIME">     -0.10000000</i>
   <i name="WPLASMAI">      0.00000000</i>
   <v name="DFIELD">      0.00000000      0.00000000      0.00000000</v>
   <v name="WPLASMA">      0.00000000      0.00000000      0.00000000      0.00000000      0.00000000      0.00000000      0.00000000      0.00000000      0.00000000</v>
  </separator>
  <separator name="orbital magnetization" >
   <i type="logical" name="NUCIND"> F  </i>
   <v name="MAGPOS">      0.00000000      0.00000000      0.00000000</v>
   <i type="logical" name="LNICSALL"> T  </i>
   <i type="logical" name="ORBITALMAG"> F  </i>
   <i type="logical" name="LMAGBLOCH"> F  </i>
   <i type="logical" name="LCHIMAG"> F  </i>
   <i type="logical" name="LGAUGE"> T  </i>
   <i type="int" name="MAGATOM">     0</i>
   <v name="MAGDIPOL">      0.00000000      0.00000000      0.00000000</v>
   <v name="AVECCONST">      0.00000000      0.00000000      0.00000000</v>
  </separator>
  <separator name="response functions" >
   <i type="logical" name="LADDER"> F  </i>
   <i type="logical" name="LRPAFORCE"> F  </i>
   <i type="logical" name="LFXC"> F  </i>
   <i type="logical" name="LHARTREE"> T  </i>
   <i type="int" name="IBSE">     0</i>
   <v type="int" name="KPOINT">    -1     0     0     0</v>
   <i type="logical" name="LTCTE"> F  </i>
   <i type="logical" name="LTETE"> F  </i>
   <i type="logical" name="LTRIPLET"> F  </i>
   <i type="logical" name="LFXCEPS"> F  </i>
   <i type="logical" name="LFXHEG"> F  </i>
   <i type="int" name="NATURALO">     2</i>
   <i type="logical" name="L2ORDER"> F  </i>
   <i type="logical" name="LMP2LT"> F  </i>
   <i type="logical" name="LUSEW"> F  </i>
   <i name="ENCUTGW">     -2.00000000</i>
   <i name="ENCUTGWSOFT">     -2.00000000</i>
   <i name="ENCUTLF">     -1.00000000</i>
   <i type="int" name="LMAXMP2">    -1</i>
   <i name="SCISSOR">      0.00000000</i>
   <i type="int" name="NOMEGA">     0</i>
   <i type="int" name="NOMEGAR">     0</i>
   <i type="int" name="NBANDSGW">    -1</i>
   <i type="int" name="NBANDSO">    -1</i>
   <i type="int" name="NBANDSV">    -1</i>
   <i type="int" name="NELM">   200</i>
   <i type="int" name="NELMHF">     1</i>
   <i type="int" name="DIM">     3</i>
   <i type="int" name="ANTIRES">     0</i>
   <i name="OMEGAMAX">    -30.00000000</i>
   <i name="OMEGAMIN">    -30.00000000</i>
   <i name="OMEGATL">   -200.00000000</i>
   <i type="int" name="OMEGAGRID">   140</i>
   <i name="CSHIFT">     -0.10000000</i>
   <i type="logical" name="SELFENERGY"> F  </i>
   <i type="logical" name="LSPECTRAL"> F  </i>
   <i type="logical" name="LSPECTRALGW"> F  </i>
   <i type="logical" name="LSINGLES"> F  </i>
   <i type="logical" name="LFERMIGW"> F  </i>
   <i type="logical" name="ODDONLYGW"> F  </i>
   <i type="logical" name="EVENONLYGW"> F  </i>
   <i type="int" name="NKREDLFX">     1</i>
   <i type="int" name="NKREDLFY">     1</i>
   <i type="int" name="NKREDLFZ">     1</i>
   <i type="int" name="MAXMEM">  2800</i>
   <i type="int" name="TELESCOPE">     0</i>
   <i type="int" name="TAUPAR">     1</i>
   <i type="int" name="OMEGAPAR">    -1</i>
   <i name="LAMBDA">      1.00000000</i>
  </separator>
  <separator name="External order field" >
   <i name="OFIELD_KAPPA">      0.00000000</i>
   <v name="OFIELD_K">      0.00000000      0.00000000      0.00000000</v>
   <i name="OFIELD_Q6_NEAR">      0.00000000</i>
   <i name="OFIELD_Q6_FAR">      0.00000000</i>
   <i name="OFIELD_A">      0.00000000</i>
  </separator>
 </parameters>
 <atominfo>
  <atoms>       1 </atoms>
  <types>       1 </types>
  <array name="atoms" >
   <dimension dim="1">ion</dimension>
   <field type="string">element</field>
   <field type="int">atomtype</field>
   <set>
    <rc><c>V </c><c>   1</c></rc>
   </set>
  </array>
  <array name="atomtypes" >
   <dimension dim="1">type</dimension>
   <field type="int">atomspertype</field>
   <field type="string">element</field>
   <field>mass</field>
   <field>valence</field>
   <field type="string">pseudopotential</field>
   <set>
    <rc><c>   1</c><c>V </c><c>     50.94100000</c><c>     11.00000000</c><c>  PAW_PBE V_pv 07Sep2000                </c></rc>
   </set>
  </array>
 </atominfo>
 <structure name="initialpos" >
  <crystal>
   <varray name="basis" >
    <v>      15.00000000       0.00000000       0.00000000 </v>
    <v>       0.00000000      15.00000000       0.00000000 </v>
    <v>       0.00000000       0.00000000      15.00000000 </v>
   </varray>
   <i name="volume">   3375.00000000 </i>
   <varray name="rec_basis" >
    <v>       0.06666667       0.00000000       0.00000000 </v>
    <v>       0.00000000       0.06666667       0.00000000 </v>
    <v>       0.00000000       0.00000000       0.06666667 </v>
   </varray>
  </crystal>
  <varray name="positions" >
   <v>       0.50000000       0.50000000       0.50000000 </v>
  </varray>
 </structure>
 <calculation>
  <scstep>
   <time name="dav">    0.61    1.15</time>
   <time name="total">    3.22    3.77</time>
   <energy>
    <i name="alphaZ">      0.40806431 </i>
    <i name="ewald">   -164.78780271 </i>
    <i name="hartreedc">   -950.55990486 </i>
    <i name="XCdc">     11.24939008 </i>
    <i name="pawpsdc">   1102.31364341 </i>
    <i name="pawaedc">  -1078.04544338 </i>
    <i name="eentropy">      0.00000000 </i>
    <i name="bandstr">      0.55772743 </i>
    <i name="atom">   1308.42268925 </i>
    <i name="e_fr_energy">    229.55836352 </i>
    <i name="e_wo_entrp">    229.55836352 </i>
    <i name="e_0_energy">    229.55836352 </i>
   </energy>
  </scstep>
  <scstep>
   <time name="dav">    0.71    0.72</time>
   <time name="total">    0.71    0.72</time>
   <energy>
    <i name="e_fr_energy">     66.54692558 </i>
    <i name="e_wo_entrp">     66.54692558 </i>
    <i name="e_0_energy">     66.54692558 </i>
   </energy>
  </scstep>
  <scstep>
   <time name="dav">    0.55    0.56</time>
   <time name="total">    0.55    0.56</time>
   <energy>
    <i name="e_fr_energy">     43.81158556 </i>
    <i name="e_wo_entrp">     43.81158556 </i>
    <i name="e_0_energy">     43.81158556 </i>
   </energy>
  </scstep>
  <scstep>
   <time name="dav">    0.57    0.58</time>
   <time name="total">    0.57    0.58</time>
   <energy>
    <i name="e_fr_energy">     43.36437634 </i>
    <i name="e_wo_entrp">     43.36437634 </i>
    <i name="e_0_energy">     43.36437634 </i>
   </energy>
  </scstep>
  <scstep>
   <time name="dav">    6.29    6.31</time>
   <time name="total">   13.19   13.23</time>
   <energy>
    <i name="e_fr_energy">    -10.87130019 </i>
    <i name="e_wo_entrp">    -10.87130019 </i>
    <i name="e_0_energy">    -10.87130019 </i>
   </energy>
  </scstep>
  <scstep>
   <time name="dav">    6.86    6.88</time>
   <time name="total">   16.27   16.31</time>
   <energy>
    <i name="e_fr_energy">      3.90318619 </i>
    <i name="e_wo_entrp">      3.90318619 </i>
    <i name="e_0_energy">      3.90318619 </i>
   </energy>
  </scstep>
  <scstep>
   <time name="dav">    5.53    5.54</time>
   <time name="total">   14.85   14.88</time>
   <energy>
    <i name="e_fr_energy">     -5.43692628 </i>
    <i name="e_wo_entrp">     -5.43692628 </i>
    <i name="e_0_energy">     -5.43692628 </i>
   </energy>
  </scstep>
  <scstep>
   <time name="dav">    6.74    6.76</time>
   <time name="total">   16.15   16.20</time>
   <energy>
    <i name="e_fr_energy">     -7.13938073 </i>
    <i name="e_wo_entrp">     -7.13938073 </i>
    <i name="e_0_energy">     -7.13938073 </i>
   </energy>
  </scstep>
  <scstep>
   <time name="dav">    6.25    6.27</time>
   <time name="total">   15.55   15.59</time>
   <energy>
    <i name="e_fr_energy">    -11.24061545 </i>
    <i name="e_wo_entrp">    -11.24061545 </i>
    <i name="e_0_energy">    -11.24061545 </i>
   </energy>
  </scstep>
  <scstep>
   <time name="dav">    6.78    6.80</time>
   <time name="total">   16.34   16.38</time>
   <energy>
    <i name="e_fr_energy">    -12.27876384 </i>
    <i name="e_wo_entrp">    -12.27876384 </i>
    <i name="e_0_energy">    -12.27876384 </i>
   </energy>
  </scstep>
  <scstep>
   <time name="dav">    5.97    5.98</time>
   <time name="total">   15.64   15.68</time>
   <energy>
    <i name="e_fr_energy">    -12.00059149 </i>
    <i name="e_wo_entrp">    -12.00059149 </i>
    <i name="e_0_energy">    -12.00059149 </i>
   </energy>
  </scstep>
  <scstep>
   <time name="dav">    7.06    7.08</time>
   <time name="total">   16.65   16.70</time>
   <energy>
    <i name="e_fr_energy">    -12.00271918 </i>
    <i name="e_wo_entrp">    -12.00271918 </i>
    <i name="e_0_energy">    -12.00271918 </i>
   </energy>
  </scstep>
  <scstep>
   <time name="dav">    6.50    6.51</time>
   <time name="total">   16.03   16.08</time>
   <energy>
    <i name="e_fr_energy">    -12.07578808 </i>
    <i name="e_wo_entrp">    -12.07578808 </i>
    <i name="e_0_energy">    -12.07578808 </i>
   </energy>
  </scstep>
  <scstep>
   <time name="dav">    6.76    6.77</time>
   <time name="total">   16.43   16.47</time>
   <energy>
    <i name="e_fr_energy">    -12.14815156 </i>
    <i name="e_wo_entrp">    -12.14815156 </i>
    <i name="e_0_energy">    -12.14815156 </i>
   </energy>
  </scstep>
  <scstep>
   <time name="dav">    6.34    6.36</time>
   <time name="total">   16.13   16.17</time>
   <energy>
    <i name="e_fr_energy">    -12.22510357 </i>
    <i name="e_wo_entrp">    -12.22510357 </i>
    <i name="e_0_energy">    -12.22510357 </i>
   </energy>
  </scstep>
  <scstep>
   <time name="dav">    6.10    6.11</time>
   <time name="total">   15.56   15.60</time>
   <energy>
    <i name="e_fr_energy">    -12.29976577 </i>
    <i name="e_wo_entrp">    -12.29976577 </i>
    <i name="e_0_energy">    -12.29976577 </i>
   </energy>
  </scstep>
  <scstep>
   <time name="dav">    6.03    6.04</time>
   <time name="total">   15.66   15.71</time>
   <energy>
    <i name="e_fr_energy">    -12.36723526 </i>
    <i name="e_wo_entrp">    -12.36723526 </i>
    <i name="e_0_energy">    -12.36723526 </i>
   </energy>
  </scstep>
  <scstep>
   <time name="dav">    5.71    5.73</time>
   <time name="total">   15.27   15.31</time>
   <energy>
    <i name="e_fr_energy">    -12.42657132 </i>
    <i name="e_wo_entrp">    -12.42657132 </i>
    <i name="e_0_energy">    -12.42657132 </i>
   </energy>
  </scstep>
  <scstep>
   <time name="dav">    5.69    5.70</time>
   <time name="total">   15.46   15.50</time>
   <energy>
    <i name="e_fr_energy">    -12.47789199 </i>
    <i name="e_wo_entrp">    -12.47789199 </i>
    <i name="e_0_energy">    -12.47789199 </i>
   </energy>
  </scstep>
  <scstep>
   <time name="dav">    5.71    5.73</time>
   <time name="total">   15.15   15.19</time>
   <energy>
    <i name="e_fr_energy">    -12.52169891 </i>
    <i name="e_wo_entrp">    -12.52169891 </i>
    <i name="e_0_energy">    -12.52169891 </i>
   </energy>
  </scstep>
  <scstep>
   <time name="dav">    6.23    6.24</time>
   <time name="total">   15.99   16.03</time>
   <energy>
    <i name="e_fr_energy">    -12.55869737 </i>
    <i name="e_wo_entrp">    -12.55869737 </i>
    <i name="e_0_energy">    -12.55869737 </i>
   </energy>
  </scstep>
  <scstep>
   <time name="dav">    5.68    5.70</time>
   <time name="total">   15.10   15.14</time>
   <energy>
    <i name="e_fr_energy">    -12.58969558 </i>
    <i name="e_wo_entrp">    -12.58969558 </i>
    <i name="e_0_energy">    -12.58969558 </i>
   </energy>
  </scstep>
  <scstep>
   <time name="dav">    5.73    5.74</time>
   <time name="total">   15.27   15.31</time>
   <energy>
    <i name="e_fr_energy">    -12.61554035 </i>
    <i name="e_wo_entrp">    -12.61554035 </i>
    <i name="e_0_energy">    -12.61554035 </i>
   </energy>
  </scstep>
  <scstep>
   <time name="dav">    5.74    5.75</time>
   <time name="total">   15.41   15.45</time>
   <energy>
    <i name="e_fr_energy">    -12.63697448 </i>
    <i name="e_wo_entrp">    -12.63697448 </i>
    <i name="e_0_energy">    -12.63697448 </i>
   </energy>
  </scstep>
  <scstep>
   <time name="dav">    5.71    5.73</time>
   <time name="total">   15.33   15.37</time>
   <energy>
    <i name="e_fr_energy">    -12.65459260 </i>
    <i name="e_wo_entrp">    -12.65459260 </i>
    <i name="e_0_energy">    -12.65459260 </i>
   </energy>
  </scstep>
  <scstep>
   <time name="dav">    5.73    5.74</time>
   <time name="total">   15.24   15.28</time>
   <energy>
    <i name="e_fr_energy">    -12.66906844 </i>
    <i name="e_wo_entrp">    -12.66906844 </i>
    <i name="e_0_energy">    -12.66906844 </i>
   </energy>
  </scstep>
  <scstep>
   <time name="dav">    5.66    5.68</time>
   <time name="total">   15.03   15.07</time>
   <energy>
    <i name="e_fr_energy">    -12.68115121 </i>
    <i name="e_wo_entrp">    -12.68115121 </i>
    <i name="e_0_energy">    -12.68115121 </i>
   </energy>
  </scstep>
  <scstep>
   <time name="dav">    5.69    5.70</time>
   <time name="total">   15.17   15.21</time>
   <energy>
    <i name="e_fr_energy">    -12.69144220 </i>
    <i name="e_wo_entrp">    -12.69144220 </i>
    <i name="e_0_energy">    -12.69144220 </i>
   </energy>
  </scstep>
  <scstep>
   <time name="dav">    5.68    5.69</time>
   <time name="total">   15.49   15.54</time>
   <energy>
    <i name="e_fr_energy">    -12.70033951 </i>
    <i name="e_wo_entrp">    -12.70033951 </i>
    <i name="e_0_energy">    -12.70033951 </i>
   </energy>
  </scstep>
  <scstep>
   <time name="dav">    5.66    5.68</time>
   <time name="total">   15.01   15.05</time>
   <energy>
    <i name="e_fr_energy">    -12.70810995 </i>
    <i name="e_wo_entrp">    -12.70810995 </i>
    <i name="e_0_energy">    -12.70810995 </i>
   </energy>
  </scstep>
  <scstep>
   <time name="dav">    5.74    5.75</time>
   <time name="total">   15.37   15.41</time>
   <energy>
    <i name="e_fr_energy">    -12.71494337 </i>
    <i name="e_wo_entrp">    -12.71494337 </i>
    <i name="e_0_energy">    -12.71494337 </i>
   </energy>
  </scstep>
  <scstep>
   <time name="dav">    5.70    5.72</time>
   <time name="total">   15.26   15.30</time>
   <energy>
    <i name="e_fr_energy">    -12.72099765 </i>
    <i name="e_wo_entrp">    -12.72099765 </i>
    <i name="e_0_energy">    -12.72099765 </i>
   </energy>
  </scstep>
  <scstep>
   <time name="dav">    5.68    5.70</time>
   <time name="total">   15.06   15.10</time>
   <energy>
    <i name="e_fr_energy">    -12.72641079 </i>
    <i name="e_wo_entrp">    -12.72641079 </i>
    <i name="e_0_energy">    -12.72641079 </i>
   </energy>
  </scstep>
  <scstep>
   <time name="dav">    5.76    5.77</time>
   <time name="total">   15.54   15.58</time>
   <energy>
    <i name="e_fr_energy">    -12.73127926 </i>
    <i name="e_wo_entrp">    -12.73127926 </i>
    <i name="e_0_energy">    -12.73127926 </i>
   </energy>
  </scstep>
  <scstep>
   <time name="dav">    5.65    5.66</time>
   <time name="total">   15.02   15.06</time>
   <energy>
    <i name="e_fr_energy">    -12.73570825 </i>
    <i name="e_wo_entrp">    -12.73570825 </i>
    <i name="e_0_energy">    -12.73570825 </i>
   </energy>
  </scstep>
  <scstep>
   <time name="dav">    5.70    5.71</time>
   <time name="total">   15.31   15.36</time>
   <energy>
    <i name="e_fr_energy">    -12.73975457 </i>
    <i name="e_wo_entrp">    -12.73975457 </i>
    <i name="e_0_energy">    -12.73975457 </i>
   </energy>
  </scstep>
  <scstep>
   <time name="dav">    5.68    5.69</time>
   <time name="total">   15.10   15.14</time>
   <energy>
    <i name="e_fr_energy">    -12.74348851 </i>
    <i name="e_wo_entrp">    -12.74348851 </i>
    <i name="e_0_energy">    -12.74348851 </i>
   </energy>
  </scstep>
  <scstep>
   <time name="dav">    5.68    5.70</time>
   <time name="total">   15.32   15.36</time>
   <energy>
    <i name="e_fr_energy">    -12.74693211 </i>
    <i name="e_wo_entrp">    -12.74693211 </i>
    <i name="e_0_energy">    -12.74693211 </i>
   </energy>
  </scstep>
  <scstep>
   <time name="dav">    5.75    5.77</time>
   <time name="total">   15.34   15.38</time>
   <energy>
    <i name="e_fr_energy">    -12.75016444 </i>
    <i name="e_wo_entrp">    -12.75016444 </i>
    <i name="e_0_energy">    -12.75016444 </i>
   </energy>
  </scstep>
  <scstep>
   <time name="dav">    5.67    5.69</time>
   <time name="total">   15.01   15.05</time>
   <energy>
    <i name="e_fr_energy">    -12.75315797 </i>
    <i name="e_wo_entrp">    -12.75315797 </i>
    <i name="e_0_energy">    -12.75315797 </i>
   </energy>
  </scstep>
  <scstep>
   <time name="dav">    5.68    5.69</time>
   <time name="total">   15.45   15.49</time>
   <energy>
    <i name="e_fr_energy">    -12.75600579 </i>
    <i name="e_wo_entrp">    -12.75600579 </i>
    <i name="e_0_energy">    -12.75600579 </i>
   </energy>
  </scstep>
  <scstep>
   <time name="dav">    5.67    5.68</time>
   <time name="total">   15.29   15.33</time>
   <energy>
    <i name="e_fr_energy">    -12.75866152 </i>
    <i name="e_wo_entrp">    -12.75866152 </i>
    <i name="e_0_energy">    -12.75866152 </i>
   </energy>
  </scstep>
  <scstep>
   <time name="dav">    5.66    5.68</time>
   <time name="total">   14.99   15.03</time>
   <energy>
    <i name="e_fr_energy">    -12.76120448 </i>
    <i name="e_wo_entrp">    -12.76120448 </i>
    <i name="e_0_energy">    -12.76120448 </i>
   </energy>
  </scstep>
  <scstep>
   <time name="dav">    5.69    5.71</time>
   <time name="total">   15.13   15.16</time>
   <energy>
    <i name="e_fr_energy">    -12.76359587 </i>
    <i name="e_wo_entrp">    -12.76359587 </i>
    <i name="e_0_energy">    -12.76359587 </i>
   </energy>
  </scstep>
  <scstep>
   <time name="dav">    5.75    5.76</time>
   <time name="total">   15.42   15.46</time>
   <energy>
    <i name="e_fr_energy">    -12.76589327 </i>
    <i name="e_wo_entrp">    -12.76589327 </i>
    <i name="e_0_energy">    -12.76589327 </i>
   </energy>
  </scstep>
  <scstep>
   <time name="dav">    5.72    5.73</time>
   <time name="total">   15.21   15.25</time>
   <energy>
    <i name="e_fr_energy">    -12.76807209 </i>
    <i name="e_wo_entrp">    -12.76807209 </i>
    <i name="e_0_energy">    -12.76807209 </i>
   </energy>
  </scstep>
  <scstep>
   <time name="dav">    5.76    5.77</time>
   <time name="total">   15.49   15.53</time>
   <energy>
    <i name="e_fr_energy">    -12.77016997 </i>
    <i name="e_wo_entrp">    -12.77016997 </i>
    <i name="e_0_energy">    -12.77016997 </i>
   </energy>
  </scstep>
  <scstep>
   <time name="dav">    5.69    5.70</time>
   <time name="total">   15.20   15.23</time>
   <energy>
    <i name="e_fr_energy">    -12.77217434 </i>
    <i name="e_wo_entrp">    -12.77217434 </i>
    <i name="e_0_energy">    -12.77217434 </i>
   </energy>
  </scstep>
  <scstep>
   <time name="dav">    5.72    5.73</time>
   <time name="total">   15.29   15.34</time>
   <energy>
    <i name="e_fr_energy">    -12.77410680 </i>
    <i name="e_wo_entrp">    -12.77410680 </i>
    <i name="e_0_energy">    -12.77410680 </i>
   </energy>
  </scstep>
  <scstep>
   <time name="dav">    5.69    5.71</time>
   <time name="total">   15.31   15.36</time>
   <energy>
    <i name="e_fr_energy">    -12.77596397 </i>
    <i name="e_wo_entrp">    -12.77596397 </i>
    <i name="e_0_energy">    -12.77596397 </i>
   </energy>
  </scstep>
  <scstep>
   <time name="dav">    5.65    5.66</time>
   <time name="total">   15.09   15.13</time>
   <energy>
    <i name="e_fr_energy">    -12.77775759 </i>
    <i name="e_wo_entrp">    -12.77775759 </i>
    <i name="e_0_energy">    -12.77775759 </i>
   </energy>
  </scstep>
  <scstep>
   <time name="dav">    5.70    5.71</time>
   <time name="total">   15.30   15.34</time>
   <energy>
    <i name="e_fr_energy">    -12.77948857 </i>
    <i name="e_wo_entrp">    -12.77948857 </i>
    <i name="e_0_energy">    -12.77948857 </i>
   </energy>
  </scstep>
  <scstep>
   <time name="dav">    5.65    5.66</time>
   <time name="total">   15.27   15.32</time>
   <energy>
    <i name="e_fr_energy">    -12.78116336 </i>
    <i name="e_wo_entrp">    -12.78116336 </i>
    <i name="e_0_energy">    -12.78116336 </i>
   </energy>
  </scstep>
  <scstep>
   <time name="dav">    5.64    5.66</time>
   <time name="total">   15.17   15.21</time>
   <energy>
    <i name="e_fr_energy">    -12.78278464 </i>
    <i name="e_wo_entrp">    -12.78278464 </i>
    <i name="e_0_energy">    -12.78278464 </i>
   </energy>
  </scstep>
  <scstep>
   <time name="dav">    5.70    5.72</time>
   <time name="total">   15.14   15.19</time>
   <energy>
    <i name="e_fr_energy">    -12.78435590 </i>
    <i name="e_wo_entrp">    -12.78435590 </i>
    <i name="e_0_energy">    -12.78435590 </i>
   </energy>
  </scstep>
  <scstep>
   <time name="dav">    5.87    5.89</time>
   <time name="total">   15.58   15.63</time>
   <energy>
    <i name="e_fr_energy">    -12.78588046 </i>
    <i name="e_wo_entrp">    -12.78588046 </i>
    <i name="e_0_energy">    -12.78588046 </i>
   </energy>
  </scstep>
  <scstep>
   <time name="dav">    5.69    5.71</time>
   <time name="total">   15.43   15.47</time>
   <energy>
    <i name="e_fr_energy">    -12.78736043 </i>
    <i name="e_wo_entrp">    -12.78736043 </i>
    <i name="e_0_energy">    -12.78736043 </i>
   </energy>
  </scstep>
  <scstep>
   <time name="dav">    5.91    5.92</time>
   <time name="total">   15.53   15.57</time>
   <energy>
    <i name="e_fr_energy">    -12.78879861 </i>
    <i name="e_wo_entrp">    -12.78879861 </i>
    <i name="e_0_energy">    -12.78879861 </i>
   </energy>
  </scstep>
  <scstep>
   <time name="dav">    5.74    5.75</time>
   <time name="total">   15.10   15.14</time>
   <energy>
    <i name="e_fr_energy">    -12.79019709 </i>
    <i name="e_wo_entrp">    -12.79019709 </i>
    <i name="e_0_energy">    -12.79019709 </i>
   </energy>
  </scstep>
  <scstep>
   <time name="dav">    5.88    5.89</time>
   <time name="total">   15.60   15.64</time>
   <energy>
    <i name="e_fr_energy">    -12.79155754 </i>
    <i name="e_wo_entrp">    -12.79155754 </i>
    <i name="e_0_energy">    -12.79155754 </i>
   </energy>
  </scstep>
  <scstep>
   <time name="dav">    5.68    5.70</time>
   <time name="total">   15.22   15.26</time>
   <energy>
    <i name="e_fr_energy">    -12.79288198 </i>
    <i name="e_wo_entrp">    -12.79288198 </i>
    <i name="e_0_energy">    -12.79288198 </i>
   </energy>
  </scstep>
  <scstep>
   <time name="dav">    5.85    5.86</time>
   <time name="total">   15.38   15.42</time>
   <energy>
    <i name="e_fr_energy">    -12.79417194 </i>
    <i name="e_wo_entrp">    -12.79417194 </i>
    <i name="e_0_energy">    -12.79417194 </i>
   </energy>
  </scstep>
  <scstep>
   <time name="dav">    5.66    5.68</time>
   <time name="total">   15.37   15.41</time>
   <energy>
    <i name="e_fr_energy">    -12.79542889 </i>
    <i name="e_wo_entrp">    -12.79542889 </i>
    <i name="e_0_energy">    -12.79542889 </i>
   </energy>
  </scstep>
  <scstep>
   <time name="dav">    5.83    5.85</time>
   <time name="total">   15.55   15.59</time>
   <energy>
    <i name="e_fr_energy">    -12.79665414 </i>
    <i name="e_wo_entrp">    -12.79665414 </i>
    <i name="e_0_energy">    -12.79665414 </i>
   </energy>
  </scstep>
  <scstep>
   <time name="dav">    5.72    5.73</time>
   <time name="total">   15.25   15.29</time>
   <energy>
    <i name="e_fr_energy">    -12.79784888 </i>
    <i name="e_wo_entrp">    -12.79784888 </i>
    <i name="e_0_energy">    -12.79784888 </i>
   </energy>
  </scstep>
  <scstep>
   <time name="dav">    5.73    5.75</time>
   <time name="total">   15.38   15.43</time>
   <energy>
    <i name="e_fr_energy">    -12.79901406 </i>
    <i name="e_wo_entrp">    -12.79901406 </i>
    <i name="e_0_energy">    -12.79901406 </i>
   </energy>
  </scstep>
  <scstep>
   <time name="dav">    5.74    5.75</time>
   <time name="total">   15.05   15.09</time>
   <energy>
    <i name="e_fr_energy">    -12.80015073 </i>
    <i name="e_wo_entrp">    -12.80015073 </i>
    <i name="e_0_energy">    -12.80015073 </i>
   </energy>
  </scstep>
  <scstep>
   <time name="dav">    5.68    5.70</time>
   <time name="total">   15.21   15.25</time>
   <energy>
    <i name="e_fr_energy">    -12.80125988 </i>
    <i name="e_wo_entrp">    -12.80125988 </i>
    <i name="e_0_energy">    -12.80125988 </i>
   </energy>
  </scstep>
  <scstep>
   <time name="dav">    5.69    5.70</time>
   <time name="total">   14.99   15.03</time>
   <energy>
    <i name="e_fr_energy">    -12.80234235 </i>
    <i name="e_wo_entrp">    -12.80234235 </i>
    <i name="e_0_energy">    -12.80234235 </i>
   </energy>
  </scstep>
  <scstep>
   <time name="dav">    5.75    5.76</time>
   <time name="total">   15.28   15.32</time>
   <energy>
    <i name="e_fr_energy">    -12.80339891 </i>
    <i name="e_wo_entrp">    -12.80339891 </i>
    <i name="e_0_energy">    -12.80339891 </i>
   </energy>
  </scstep>
  <scstep>
   <time name="dav">    5.73    5.74</time>
   <time name="total">   15.25   15.29</time>
   <energy>
    <i name="e_fr_energy">    -12.80443026 </i>
    <i name="e_wo_entrp">    -12.80443026 </i>
    <i name="e_0_energy">    -12.80443026 </i>
   </energy>
  </scstep>
  <scstep>
   <time name="dav">    5.71    5.73</time>
   <time name="total">   15.35   15.39</time>
   <energy>
    <i name="e_fr_energy">    -12.80543711 </i>
    <i name="e_wo_entrp">    -12.80543711 </i>
    <i name="e_0_energy">    -12.80543711 </i>
   </energy>
  </scstep>
  <scstep>
   <time name="dav">    5.76    5.78</time>
   <time name="total">   15.45   15.49</time>
   <energy>
    <i name="e_fr_energy">    -12.80642007 </i>
    <i name="e_wo_entrp">    -12.80642007 </i>
    <i name="e_0_energy">    -12.80642007 </i>
   </energy>
  </scstep>
  <scstep>
   <time name="dav">    5.69    5.70</time>
   <time name="total">   15.12   15.16</time>
   <energy>
    <i name="e_fr_energy">    -12.80737978 </i>
    <i name="e_wo_entrp">    -12.80737978 </i>
    <i name="e_0_energy">    -12.80737978 </i>
   </energy>
  </scstep>
  <scstep>
   <time name="dav">    6.19    6.21</time>
   <time name="total">   15.94   15.98</time>
   <energy>
    <i name="e_fr_energy">    -12.80831684 </i>
    <i name="e_wo_entrp">    -12.80831684 </i>
    <i name="e_0_energy">    -12.80831684 </i>
   </energy>
  </scstep>
  <scstep>
   <time name="dav">    6.20    6.21</time>
   <time name="total">   15.47   15.51</time>
   <energy>
    <i name="e_fr_energy">    -12.80923179 </i>
    <i name="e_wo_entrp">    -12.80923179 </i>
    <i name="e_0_energy">    -12.80923179 </i>
   </energy>
  </scstep>
  <scstep>
   <time name="dav">    6.16    6.18</time>
   <time name="total">   15.60   15.64</time>
   <energy>
    <i name="e_fr_energy">    -12.81012498 </i>
    <i name="e_wo_entrp">    -12.81012498 </i>
    <i name="e_0_energy">    -12.81012498 </i>
   </energy>
  </scstep>
  <scstep>
   <time name="dav">    5.77    5.78</time>
   <time name="total">   15.84   15.88</time>
   <energy>
    <i name="e_fr_energy">    -12.81099693 </i>
    <i name="e_wo_entrp">    -12.81099693 </i>
    <i name="e_0_energy">    -12.81099693 </i>
   </energy>
  </scstep>
  <scstep>
   <time name="dav">    6.20    6.22</time>
   <time name="total">   15.84   15.88</time>
   <energy>
    <i name="e_fr_energy">    -12.81184812 </i>
    <i name="e_wo_entrp">    -12.81184812 </i>
    <i name="e_0_energy">    -12.81184812 </i>
   </energy>
  </scstep>
  <scstep>
   <time name="dav">    5.70    5.72</time>
   <time name="total">   15.27   15.31</time>
   <energy>
    <i name="e_fr_energy">    -12.81267900 </i>
    <i name="e_wo_entrp">    -12.81267900 </i>
    <i name="e_0_energy">    -12.81267900 </i>
   </energy>
  </scstep>
  <scstep>
   <time name="dav">    6.16    6.18</time>
   <time name="total">   15.72   15.77</time>
   <energy>
    <i name="e_fr_energy">    -12.81349000 </i>
    <i name="e_wo_entrp">    -12.81349000 </i>
    <i name="e_0_energy">    -12.81349000 </i>
   </energy>
  </scstep>
  <scstep>
   <time name="dav">    5.71    5.72</time>
   <time name="total">   15.39   15.43</time>
   <energy>
    <i name="e_fr_energy">    -12.81428151 </i>
    <i name="e_wo_entrp">    -12.81428151 </i>
    <i name="e_0_energy">    -12.81428151 </i>
   </energy>
  </scstep>
  <scstep>
   <time name="dav">    6.22    6.23</time>
   <time name="total">   15.87   15.92</time>
   <energy>
    <i name="e_fr_energy">    -12.81505394 </i>
    <i name="e_wo_entrp">    -12.81505394 </i>
    <i name="e_0_energy">    -12.81505394 </i>
   </energy>
  </scstep>
  <scstep>
   <time name="dav">    5.67    5.68</time>
   <time name="total">   15.01   15.05</time>
   <energy>
    <i name="e_fr_energy">    -12.81580762 </i>
    <i name="e_wo_entrp">    -12.81580762 </i>
    <i name="e_0_energy">    -12.81580762 </i>
   </energy>
  </scstep>
  <scstep>
   <time name="dav">    6.16    6.17</time>
   <time name="total">   15.75   15.80</time>
   <energy>
    <i name="e_fr_energy">    -12.81654296 </i>
    <i name="e_wo_entrp">    -12.81654296 </i>
    <i name="e_0_energy">    -12.81654296 </i>
   </energy>
  </scstep>
  <scstep>
   <time name="dav">    5.74    5.75</time>
   <time name="total">   15.18   15.22</time>
   <energy>
    <i name="e_fr_energy">    -12.81726030 </i>
    <i name="e_wo_entrp">    -12.81726030 </i>
    <i name="e_0_energy">    -12.81726030 </i>
   </energy>
  </scstep>
  <scstep>
   <time name="dav">    6.19    6.21</time>
   <time name="total">   15.55   15.58</time>
   <energy>
    <i name="e_fr_energy">    -12.81795999 </i>
    <i name="e_wo_entrp">    -12.81795999 </i>
    <i name="e_0_energy">    -12.81795999 </i>
   </energy>
  </scstep>
  <scstep>
   <time name="dav">    5.68    5.70</time>
   <time name="total">   15.38   15.42</time>
   <energy>
    <i name="e_fr_energy">    -12.81864234 </i>
    <i name="e_wo_entrp">    -12.81864234 </i>
    <i name="e_0_energy">    -12.81864234 </i>
   </energy>
  </scstep>
  <scstep>
   <time name="dav">    6.19    6.21</time>
   <time name="total">   15.78   15.82</time>
   <energy>
    <i name="e_fr_energy">    -12.81930770 </i>
    <i name="e_wo_entrp">    -12.81930770 </i>
    <i name="e_0_energy">    -12.81930770 </i>
   </energy>
  </scstep>
  <scstep>
   <time name="dav">    5.71    5.72</time>
   <time name="total">   15.09   15.13</time>
   <energy>
    <i name="e_fr_energy">    -12.81995640 </i>
    <i name="e_wo_entrp">    -12.81995640 </i>
    <i name="e_0_energy">    -12.81995640 </i>
   </energy>
  </scstep>
  <scstep>
   <time name="dav">    6.20    6.21</time>
   <time name="total">   15.69   15.73</time>
   <energy>
    <i name="e_fr_energy">    -12.82058875 </i>
    <i name="e_wo_entrp">    -12.82058875 </i>
    <i name="e_0_energy">    -12.82058875 </i>
   </energy>
  </scstep>
  <scstep>
   <time name="dav">    5.66    5.68</time>
   <time name="total">   15.12   15.16</time>
   <energy>
    <i name="e_fr_energy">    -12.82120508 </i>
    <i name="e_wo_entrp">    -12.82120508 </i>
    <i name="e_0_energy">    -12.82120508 </i>
   </energy>
  </scstep>
  <scstep>
   <time name="dav">    6.18    6.19</time>
   <time name="total">   15.67   15.71</time>
   <energy>
    <i name="e_fr_energy">    -12.82180569 </i>
    <i name="e_wo_entrp">    -12.82180569 </i>
    <i name="e_0_energy">    -12.82180569 </i>
   </energy>
  </scstep>
  <scstep>
   <time name="dav">    5.73    5.74</time>
   <time name="total">   15.01   15.05</time>
   <energy>
    <i name="e_fr_energy">    -12.82239088 </i>
    <i name="e_wo_entrp">    -12.82239088 </i>
    <i name="e_0_energy">    -12.82239088 </i>
   </energy>
  </scstep>
  <scstep>
   <time name="dav">    6.16    6.18</time>
   <time name="total">   15.79   15.83</time>
   <energy>
    <i name="e_fr_energy">    -12.82296095 </i>
    <i name="e_wo_entrp">    -12.82296095 </i>
    <i name="e_0_energy">    -12.82296095 </i>
   </energy>
  </scstep>
  <scstep>
   <time name="dav">    5.67    5.68</time>
   <time name="total">   15.43   15.48</time>
   <energy>
    <i name="e_fr_energy">    -12.82351620 </i>
    <i name="e_wo_entrp">    -12.82351620 </i>
    <i name="e_0_energy">    -12.82351620 </i>
   </energy>
  </scstep>
  <scstep>
   <time name="dav">    6.23    6.25</time>
   <time name="total">   15.86   15.91</time>
   <energy>
    <i name="e_fr_energy">    -12.82405693 </i>
    <i name="e_wo_entrp">    -12.82405693 </i>
    <i name="e_0_energy">    -12.82405693 </i>
   </energy>
  </scstep>
  <scstep>
   <time name="dav">    6.22    6.24</time>
   <time name="total">   15.93   15.98</time>
   <energy>
    <i name="e_fr_energy">    -12.82458341 </i>
    <i name="e_wo_entrp">    -12.82458341 </i>
    <i name="e_0_energy">    -12.82458341 </i>
   </energy>
  </scstep>
  <scstep>
   <time name="dav">    6.17    6.19</time>
   <time name="total">   15.59   15.63</time>
   <energy>
    <i name="e_fr_energy">    -12.82509595 </i>
    <i name="e_wo_entrp">    -12.82509595 </i>
    <i name="e_0_energy">    -12.82509595 </i>
   </energy>
  </scstep>
  <scstep>
   <time name="dav">    6.18    6.20</time>
   <time name="total">   15.56   15.60</time>
   <energy>
    <i name="e_fr_energy">    -12.82559481 </i>
    <i name="e_wo_entrp">    -12.82559481 </i>
    <i name="e_0_energy">    -12.82559481 </i>
   </energy>
  </scstep>
  <scstep>
   <time name="dav">    6.27    6.29</time>
   <time name="total">   15.75   15.79</time>
   <energy>
    <i name="e_fr_energy">    -12.82608030 </i>
    <i name="e_wo_entrp">    -12.82608030 </i>
    <i name="e_0_energy">    -12.82608030 </i>
   </energy>
  </scstep>
  <scstep>
   <time name="dav">    6.17    6.19</time>
   <time name="total">   15.67   15.71</time>
   <energy>
    <i name="e_fr_energy">    -12.82655267 </i>
    <i name="e_wo_entrp">    -12.82655267 </i>
    <i name="e_0_energy">    -12.82655267 </i>
   </energy>
  </scstep>
  <scstep>
   <time name="dav">    6.21    6.23</time>
   <time name="total">   15.84   15.88</time>
   <energy>
    <i name="e_fr_energy">    -12.82701222 </i>
    <i name="e_wo_entrp">    -12.82701222 </i>
    <i name="e_0_energy">    -12.82701222 </i>
   </energy>
  </scstep>
  <scstep>
   <time name="dav">    6.13    6.14</time>
   <time name="total">   15.73   15.77</time>
   <energy>
    <i name="e_fr_energy">    -12.82745919 </i>
    <i name="e_wo_entrp">    -12.82745919 </i>
    <i name="e_0_energy">    -12.82745919 </i>
   </energy>
  </scstep>
  <scstep>
   <time name="dav">    6.20    6.22</time>
   <time name="total">   15.77   15.81</time>
   <energy>
    <i name="e_fr_energy">    -12.82789386 </i>
    <i name="e_wo_entrp">    -12.82789386 </i>
    <i name="e_0_energy">    -12.82789386 </i>
   </energy>
  </scstep>
  <scstep>
   <time name="dav">    6.18    6.19</time>
   <time name="total">   15.58   15.63</time>
   <energy>
    <i name="e_fr_energy">    -12.82831649 </i>
    <i name="e_wo_entrp">    -12.82831649 </i>
    <i name="e_0_energy">    -12.82831649 </i>
   </energy>
  </scstep>
  <scstep>
   <time name="dav">    6.26    6.28</time>
   <time name="total">   15.53   15.57</time>
   <energy>
    <i name="e_fr_energy">    -12.82872735 </i>
    <i name="e_wo_entrp">    -12.82872735 </i>
    <i name="e_0_energy">    -12.82872735 </i>
   </energy>
  </scstep>
  <scstep>
   <time name="dav">    6.16    6.18</time>
   <time name="total">   15.77   15.81</time>
   <energy>
    <i name="e_fr_energy">    -12.82912668 </i>
    <i name="e_wo_entrp">    -12.82912668 </i>
    <i name="e_0_energy">    -12.82912668 </i>
   </energy>
  </scstep>
  <scstep>
   <time name="dav">    6.23    6.25</time>
   <time name="total">   15.93   15.98</time>
   <energy>
    <i name="e_fr_energy">    -12.82951474 </i>
    <i name="e_wo_entrp">    -12.82951474 </i>
    <i name="e_0_energy">    -12.82951474 </i>
   </energy>
  </scstep>
  <scstep>
   <time name="dav">    6.16    6.18</time>
   <time name="total">   15.66   15.70</time>
   <energy>
    <i name="e_fr_energy">    -12.82989179 </i>
    <i name="e_wo_entrp">    -12.82989179 </i>
    <i name="e_0_energy">    -12.82989179 </i>
   </energy>
  </scstep>
  <scstep>
   <time name="dav">    6.24    6.26</time>
   <time name="total">   15.80   15.84</time>
   <energy>
    <i name="e_fr_energy">    -12.83025807 </i>
    <i name="e_wo_entrp">    -12.83025807 </i>
    <i name="e_0_energy">    -12.83025807 </i>
   </energy>
  </scstep>
  <scstep>
   <time name="dav">    6.20    6.22</time>
   <time name="total">   15.79   15.83</time>
   <energy>
    <i name="e_fr_energy">    -12.83061384 </i>
    <i name="e_wo_entrp">    -12.83061384 </i>
    <i name="e_0_energy">    -12.83061384 </i>
   </energy>
  </scstep>
  <scstep>
   <time name="dav">    6.20    6.22</time>
   <time name="total">   15.74   15.79</time>
   <energy>
    <i name="e_fr_energy">    -12.83095933 </i>
    <i name="e_wo_entrp">    -12.83095933 </i>
    <i name="e_0_energy">    -12.83095933 </i>
   </energy>
  </scstep>
  <scstep>
   <time name="dav">    6.17    6.18</time>
   <time name="total">   15.68   15.73</time>
   <energy>
    <i name="e_fr_energy">    -12.83129479 </i>
    <i name="e_wo_entrp">    -12.83129479 </i>
    <i name="e_0_energy">    -12.83129479 </i>
   </energy>
  </scstep>
  <scstep>
   <time name="dav">    6.30    6.31</time>
   <time name="total">   15.82   15.86</time>
   <energy>
    <i name="e_fr_energy">    -12.83162045 </i>
    <i name="e_wo_entrp">    -12.83162045 </i>
    <i name="e_0_energy">    -12.83162045 </i>
   </energy>
  </scstep>
  <scstep>
   <time name="dav">    6.17    6.19</time>
   <time name="total">   15.82   15.87</time>
   <energy>
    <i name="e_fr_energy">    -12.83193655 </i>
    <i name="e_wo_entrp">    -12.83193655 </i>
    <i name="e_0_energy">    -12.83193655 </i>
   </energy>
  </scstep>
  <scstep>
   <time name="dav">    6.25    6.26</time>
   <time name="total">   15.88   15.92</time>
   <energy>
    <i name="e_fr_energy">    -12.83224333 </i>
    <i name="e_wo_entrp">    -12.83224333 </i>
    <i name="e_0_energy">    -12.83224333 </i>
   </energy>
  </scstep>
  <scstep>
   <time name="dav">    6.22    6.24</time>
   <time name="total">   15.80   15.84</time>
   <energy>
    <i name="e_fr_energy">    -12.83254101 </i>
    <i name="e_wo_entrp">    -12.83254101 </i>
    <i name="e_0_energy">    -12.83254101 </i>
   </energy>
  </scstep>
  <scstep>
   <time name="dav">    6.29    6.31</time>
   <time name="total">   16.00   16.05</time>
   <energy>
    <i name="e_fr_energy">    -12.83282980 </i>
    <i name="e_wo_entrp">    -12.83282980 </i>
    <i name="e_0_energy">    -12.83282980 </i>
   </energy>
  </scstep>
  <scstep>
   <time name="dav">    6.20    6.21</time>
   <time name="total">   15.88   15.93</time>
   <energy>
    <i name="e_fr_energy">    -12.83310995 </i>
    <i name="e_wo_entrp">    -12.83310995 </i>
    <i name="e_0_energy">    -12.83310995 </i>
   </energy>
  </scstep>
  <scstep>
   <time name="dav">    6.25    6.26</time>
   <time name="total">   16.01   16.05</time>
   <energy>
    <i name="e_fr_energy">    -12.83338165 </i>
    <i name="e_wo_entrp">    -12.83338165 </i>
    <i name="e_0_energy">    -12.83338165 </i>
   </energy>
  </scstep>
  <scstep>
   <time name="dav">    6.23    6.24</time>
   <time name="total">   15.75   15.79</time>
   <energy>
    <i name="e_fr_energy">    -12.83364512 </i>
    <i name="e_wo_entrp">    -12.83364512 </i>
    <i name="e_0_energy">    -12.83364512 </i>
   </energy>
  </scstep>
  <scstep>
   <time name="dav">    6.32    6.34</time>
   <time name="total">   16.01   16.05</time>
   <energy>
    <i name="e_fr_energy">    -12.83390059 </i>
    <i name="e_wo_entrp">    -12.83390059 </i>
    <i name="e_0_energy">    -12.83390059 </i>
   </energy>
  </scstep>
  <scstep>
   <time name="dav">    6.40    6.41</time>
   <time name="total">   16.12   16.17</time>
   <energy>
    <i name="e_fr_energy">    -12.83414824 </i>
    <i name="e_wo_entrp">    -12.83414824 </i>
    <i name="e_0_energy">    -12.83414824 </i>
   </energy>
  </scstep>
  <scstep>
   <time name="dav">    6.18    6.19</time>
   <time name="total">   15.63   15.68</time>
   <energy>
    <i name="e_fr_energy">    -12.83438829 </i>
    <i name="e_wo_entrp">    -12.83438829 </i>
    <i name="e_0_energy">    -12.83438829 </i>
   </energy>
  </scstep>
  <scstep>
   <time name="dav">    6.26    6.27</time>
   <time name="total">   15.85   15.89</time>
   <energy>
    <i name="e_fr_energy">    -12.83462093 </i>
    <i name="e_wo_entrp">    -12.83462093 </i>
    <i name="e_0_energy">    -12.83462093 </i>
   </energy>
  </scstep>
  <scstep>
   <time name="dav">    6.30    6.32</time>
   <time name="total">   15.94   15.99</time>
   <energy>
    <i name="e_fr_energy">    -12.83484637 </i>
    <i name="e_wo_entrp">    -12.83484637 </i>
    <i name="e_0_energy">    -12.83484637 </i>
   </energy>
  </scstep>
  <scstep>
   <time name="dav">    6.20    6.22</time>
   <time name="total">   15.60   15.65</time>
   <energy>
    <i name="e_fr_energy">    -12.83506479 </i>
    <i name="e_wo_entrp">    -12.83506479 </i>
    <i name="e_0_energy">    -12.83506479 </i>
   </energy>
  </scstep>
  <scstep>
   <time name="dav">    6.35    6.37</time>
   <time name="total">   15.95   15.99</time>
   <energy>
    <i name="e_fr_energy">    -12.83527638 </i>
    <i name="e_wo_entrp">    -12.83527638 </i>
    <i name="e_0_energy">    -12.83527638 </i>
   </energy>
  </scstep>
  <scstep>
   <time name="dav">    6.24    6.26</time>
   <time name="total">   15.70   15.75</time>
   <energy>
    <i name="e_fr_energy">    -12.83548132 </i>
    <i name="e_wo_entrp">    -12.83548132 </i>
    <i name="e_0_energy">    -12.83548132 </i>
   </energy>
  </scstep>
  <scstep>
   <time name="dav">    6.23    6.24</time>
   <time name="total">   15.83   15.88</time>
   <energy>
    <i name="e_fr_energy">    -12.83567981 </i>
    <i name="e_wo_entrp">    -12.83567981 </i>
    <i name="e_0_energy">    -12.83567981 </i>
   </energy>
  </scstep>
  <scstep>
   <time name="dav">    6.23    6.25</time>
   <time name="total">   15.86   15.90</time>
   <energy>
    <i name="e_fr_energy">    -12.83587201 </i>
    <i name="e_wo_entrp">    -12.83587201 </i>
    <i name="e_0_energy">    -12.83587201 </i>
   </energy>
  </scstep>
  <scstep>
   <time name="dav">    6.29    6.30</time>
   <time name="total">   15.93   15.97</time>
   <energy>
    <i name="e_fr_energy">    -12.83605811 </i>
    <i name="e_wo_entrp">    -12.83605811 </i>
    <i name="e_0_energy">    -12.83605811 </i>
   </energy>
  </scstep>
  <scstep>
   <time name="dav">    6.25    6.27</time>
   <time name="total">   16.07   16.11</time>
   <energy>
    <i name="e_fr_energy">    -12.83623826 </i>
    <i name="e_wo_entrp">    -12.83623826 </i>
    <i name="e_0_energy">    -12.83623826 </i>
   </energy>
  </scstep>
  <scstep>
   <time name="dav">    6.29    6.31</time>
   <time name="total">   15.97   16.02</time>
   <energy>
    <i name="e_fr_energy">    -12.83641265 </i>
    <i name="e_wo_entrp">    -12.83641265 </i>
    <i name="e_0_energy">    -12.83641265 </i>
   </energy>
  </scstep>
  <scstep>
   <time name="dav">    6.25    6.27</time>
   <time name="total">   15.76   15.80</time>
   <energy>
    <i name="e_fr_energy">    -12.83658143 </i>
    <i name="e_wo_entrp">    -12.83658143 </i>
    <i name="e_0_energy">    -12.83658143 </i>
   </energy>
  </scstep>
  <scstep>
   <time name="dav">    6.26    6.27</time>
   <time name="total">   16.03   16.07</time>
   <energy>
    <i name="e_fr_energy">    -12.83674476 </i>
    <i name="e_wo_entrp">    -12.83674476 </i>
    <i name="e_0_energy">    -12.83674476 </i>
   </energy>
  </scstep>
  <scstep>
   <time name="dav">    6.24    6.26</time>
   <time name="total">   15.65   15.69</time>
   <energy>
    <i name="e_fr_energy">    -12.83690280 </i>
    <i name="e_wo_entrp">    -12.83690280 </i>
    <i name="e_0_energy">    -12.83690280 </i>
   </energy>
  </scstep>
  <scstep>
   <time name="dav">    6.35    6.36</time>
   <time name="total">   15.75   15.79</time>
   <energy>
    <i name="e_fr_energy">    -12.83705571 </i>
    <i name="e_wo_entrp">    -12.83705571 </i>
    <i name="e_0_energy">    -12.83705571 </i>
   </energy>
  </scstep>
  <scstep>
   <time name="dav">    6.22    6.23</time>
   <time name="total">   15.92   15.96</time>
   <energy>
    <i name="e_fr_energy">    -12.83720363 </i>
    <i name="e_wo_entrp">    -12.83720363 </i>
    <i name="e_0_energy">    -12.83720363 </i>
   </energy>
  </scstep>
  <scstep>
   <time name="dav">    6.27    6.29</time>
   <time name="total">   16.08   16.12</time>
   <energy>
    <i name="e_fr_energy">    -12.83734670 </i>
    <i name="e_wo_entrp">    -12.83734670 </i>
    <i name="e_0_energy">    -12.83734670 </i>
   </energy>
  </scstep>
  <scstep>
   <time name="dav">    6.26    6.27</time>
   <time name="total">   15.94   15.98</time>
   <energy>
    <i name="e_fr_energy">    -12.83748508 </i>
    <i name="e_wo_entrp">    -12.83748508 </i>
    <i name="e_0_energy">    -12.83748508 </i>
   </energy>
  </scstep>
  <scstep>
   <time name="dav">    6.28    6.30</time>
   <time name="total">   15.87   15.91</time>
   <energy>
    <i name="e_fr_energy">    -12.83761891 </i>
    <i name="e_wo_entrp">    -12.83761891 </i>
    <i name="e_0_energy">    -12.83761891 </i>
   </energy>
  </scstep>
  <scstep>
   <time name="dav">    6.31    6.33</time>
   <time name="total">   15.71   15.75</time>
   <energy>
    <i name="e_fr_energy">    -12.83774831 </i>
    <i name="e_wo_entrp">    -12.83774831 </i>
    <i name="e_0_energy">    -12.83774831 </i>
   </energy>
  </scstep>
  <scstep>
   <time name="dav">    6.21    6.23</time>
   <time name="total">   15.80   15.85</time>
   <energy>
    <i name="e_fr_energy">    -12.83787342 </i>
    <i name="e_wo_entrp">    -12.83787342 </i>
    <i name="e_0_energy">    -12.83787342 </i>
   </energy>
  </scstep>
  <scstep>
   <time name="dav">    6.28    6.29</time>
   <time name="total">   15.90   15.94</time>
   <energy>
    <i name="e_fr_energy">    -12.83799437 </i>
    <i name="e_wo_entrp">    -12.83799437 </i>
    <i name="e_0_energy">    -12.83799437 </i>
   </energy>
  </scstep>
  <scstep>
   <time name="dav">    6.32    6.33</time>
   <time name="total">   16.20   16.24</time>
   <energy>
    <i name="e_fr_energy">    -12.83811129 </i>
    <i name="e_wo_entrp">    -12.83811129 </i>
    <i name="e_0_energy">    -12.83811129 </i>
   </energy>
  </scstep>
  <scstep>
   <time name="dav">    6.31    6.33</time>
   <time name="total">   15.96   16.00</time>
   <energy>
    <i name="e_fr_energy">    -12.83822429 </i>
    <i name="e_wo_entrp">    -12.83822429 </i>
    <i name="e_0_energy">    -12.83822429 </i>
   </energy>
  </scstep>
  <scstep>
   <time name="dav">    6.35    6.37</time>
   <time name="total">   15.98   16.02</time>
   <energy>
    <i name="e_fr_energy">    -12.83833351 </i>
    <i name="e_wo_entrp">    -12.83833351 </i>
    <i name="e_0_energy">    -12.83833351 </i>
   </energy>
  </scstep>
  <scstep>
   <time name="dav">    6.29    6.31</time>
   <time name="total">   16.00   16.04</time>
   <energy>
    <i name="e_fr_energy">    -12.83843905 </i>
    <i name="e_wo_entrp">    -12.83843905 </i>
    <i name="e_0_energy">    -12.83843905 </i>
   </energy>
  </scstep>
  <scstep>
   <time name="dav">    6.28    6.30</time>
   <time name="total">   16.09   16.13</time>
   <energy>
    <i name="e_fr_energy">    -12.83854104 </i>
    <i name="e_wo_entrp">    -12.83854104 </i>
    <i name="e_0_energy">    -12.83854104 </i>
   </energy>
  </scstep>
  <scstep>
   <time name="dav">    6.32    6.33</time>
   <time name="total">   15.93   15.97</time>
   <energy>
    <i name="e_fr_energy">    -12.83863957 </i>
    <i name="e_wo_entrp">    -12.83863957 </i>
    <i name="e_0_energy">    -12.83863957 </i>
   </energy>
  </scstep>
  <scstep>
   <time name="dav">    6.29    6.30</time>
   <time name="total">   15.99   16.03</time>
   <energy>
    <i name="e_fr_energy">    -12.83873477 </i>
    <i name="e_wo_entrp">    -12.83873477 </i>
    <i name="e_0_energy">    -12.83873477 </i>
   </energy>
  </scstep>
  <scstep>
   <time name="dav">    6.37    6.38</time>
   <time name="total">   16.15   16.19</time>
   <energy>
    <i name="e_fr_energy">    -12.83882673 </i>
    <i name="e_wo_entrp">    -12.83882673 </i>
    <i name="e_0_energy">    -12.83882673 </i>
   </energy>
  </scstep>
  <scstep>
   <time name="dav">    6.30    6.32</time>
   <time name="total">   15.82   15.86</time>
   <energy>
    <i name="e_fr_energy">    -12.83891556 </i>
    <i name="e_wo_entrp">    -12.83891556 </i>
    <i name="e_0_energy">    -12.83891556 </i>
   </energy>
  </scstep>
  <scstep>
   <time name="dav">    6.24    6.26</time>
   <time name="total">   15.98   16.03</time>
   <energy>
    <i name="e_fr_energy">    -12.83900135 </i>
    <i name="e_wo_entrp">    -12.83900135 </i>
    <i name="e_0_energy">    -12.83900135 </i>
   </energy>
  </scstep>
  <scstep>
   <time name="dav">    6.26    6.28</time>
   <time name="total">   15.72   15.76</time>
   <energy>
    <i name="e_fr_energy">    -12.83908421 </i>
    <i name="e_wo_entrp">    -12.83908421 </i>
    <i name="e_0_energy">    -12.83908421 </i>
   </energy>
  </scstep>
  <scstep>
   <time name="dav">    6.30    6.31</time>
   <time name="total">   15.88   15.92</time>
   <energy>
    <i name="e_fr_energy">    -12.83916422 </i>
    <i name="e_wo_entrp">    -12.83916422 </i>
    <i name="e_0_energy">    -12.83916422 </i>
   </energy>
  </scstep>
  <scstep>
   <time name="dav">    6.35    6.37</time>
   <time name="total">   15.96   16.00</time>
   <energy>
    <i name="e_fr_energy">    -12.83924149 </i>
    <i name="e_wo_entrp">    -12.83924149 </i>
    <i name="e_0_energy">    -12.83924149 </i>
   </energy>
  </scstep>
  <scstep>
   <time name="dav">    6.29    6.31</time>
   <time name="total">   15.65   15.69</time>
   <energy>
    <i name="e_fr_energy">    -12.83931609 </i>
    <i name="e_wo_entrp">    -12.83931609 </i>
    <i name="e_0_energy">    -12.83931609 </i>
   </energy>
  </scstep>
  <scstep>
   <time name="dav">    6.29    6.31</time>
   <time name="total">   16.02   16.06</time>
   <energy>
    <i name="e_fr_energy">    -12.83938811 </i>
    <i name="e_wo_entrp">    -12.83938811 </i>
    <i name="e_0_energy">    -12.83938811 </i>
   </energy>
  </scstep>
  <scstep>
   <time name="dav">    6.28    6.29</time>
   <time name="total">   15.64   15.68</time>
   <energy>
    <i name="e_fr_energy">    -12.83945764 </i>
    <i name="e_wo_entrp">    -12.83945764 </i>
    <i name="e_0_energy">    -12.83945764 </i>
   </energy>
  </scstep>
  <scstep>
   <time name="dav">    6.28    6.29</time>
   <time name="total">   15.51   15.55</time>
   <energy>
    <i name="e_fr_energy">    -12.83952476 </i>
    <i name="e_wo_entrp">    -12.83952476 </i>
    <i name="e_0_energy">    -12.83952476 </i>
   </energy>
  </scstep>
  <scstep>
   <time name="dav">    6.33    6.35</time>
   <time name="total">   15.77   15.81</time>
   <energy>
    <i name="e_fr_energy">    -12.83958955 </i>
    <i name="e_wo_entrp">    -12.83958955 </i>
    <i name="e_0_energy">    -12.83958955 </i>
   </energy>
  </scstep>
  <scstep>
   <time name="dav">    6.33    6.35</time>
   <time name="total">   16.03   16.07</time>
   <energy>
    <i name="e_fr_energy">    -12.83965209 </i>
    <i name="e_wo_entrp">    -12.83965209 </i>
    <i name="e_0_energy">    -12.83965209 </i>
   </energy>
  </scstep>
  <scstep>
   <time name="dav">    6.26    6.28</time>
   <time name="total">   15.68   15.73</time>
   <energy>
    <i name="e_fr_energy">    -12.83971244 </i>
    <i name="e_wo_entrp">    -12.83971244 </i>
    <i name="e_0_energy">    -12.83971244 </i>
   </energy>
  </scstep>
  <scstep>
   <time name="dav">    6.33    6.34</time>
   <time name="total">   15.75   15.79</time>
   <energy>
    <i name="e_fr_energy">    -12.83977068 </i>
    <i name="e_wo_entrp">    -12.83977068 </i>
    <i name="e_0_energy">    -12.83977068 </i>
   </energy>
  </scstep>
  <scstep>
   <time name="dav">    6.25    6.27</time>
   <time name="total">   15.90   15.95</time>
   <energy>
    <i name="e_fr_energy">    -12.83982689 </i>
    <i name="e_wo_entrp">    -12.83982689 </i>
    <i name="e_0_energy">    -12.83982689 </i>
   </energy>
  </scstep>
  <scstep>
   <time name="dav">    6.32    6.34</time>
   <time name="total">   15.95   16.00</time>
   <energy>
    <i name="e_fr_energy">    -12.83988112 </i>
    <i name="e_wo_entrp">    -12.83988112 </i>
    <i name="e_0_energy">    -12.83988112 </i>
   </energy>
  </scstep>
  <scstep>
   <time name="dav">    6.30    6.31</time>
   <time name="total">   15.62   15.67</time>
   <energy>
    <i name="e_fr_energy">    -12.83993345 </i>
    <i name="e_wo_entrp">    -12.83993345 </i>
    <i name="e_0_energy">    -12.83993345 </i>
   </energy>
  </scstep>
  <scstep>
   <time name="dav">    6.24    6.25</time>
   <time name="total">   15.83   15.87</time>
   <energy>
    <i name="e_fr_energy">    -12.83998394 </i>
    <i name="e_wo_entrp">    -12.83998394 </i>
    <i name="e_0_energy">    -12.83998394 </i>
   </energy>
  </scstep>
  <scstep>
   <time name="dav">    6.27    6.28</time>
   <time name="total">   15.72   15.76</time>
   <energy>
    <i name="e_fr_energy">    -12.84003266 </i>
    <i name="e_wo_entrp">    -12.84003266 </i>
    <i name="e_0_energy">    -12.84003266 </i>
   </energy>
  </scstep>
  <scstep>
   <time name="dav">    6.28    6.30</time>
   <time name="total">   15.77   15.81</time>
   <energy>
    <i name="e_fr_energy">    -12.84007965 </i>
    <i name="e_wo_entrp">    -12.84007965 </i>
    <i name="e_0_energy">    -12.84007965 </i>
   </energy>
  </scstep>
  <scstep>
   <time name="dav">    6.25    6.27</time>
   <time name="total">   15.76   15.80</time>
   <energy>
    <i name="e_fr_energy">    -12.84012498 </i>
    <i name="e_wo_entrp">    -12.84012498 </i>
    <i name="e_0_energy">    -12.84012498 </i>
   </energy>
  </scstep>
  <scstep>
   <time name="dav">    6.27    6.29</time>
   <time name="total">   15.75   15.79</time>
   <energy>
    <i name="e_fr_energy">    -12.84016871 </i>
    <i name="e_wo_entrp">    -12.84016871 </i>
    <i name="e_0_energy">    -12.84016871 </i>
   </energy>
  </scstep>
  <scstep>
   <time name="dav">    6.24    6.26</time>
   <time name="total">   15.80   15.84</time>
   <energy>
    <i name="e_fr_energy">    -12.84021089 </i>
    <i name="e_wo_entrp">    -12.84021089 </i>
    <i name="e_0_energy">    -12.84021089 </i>
   </energy>
  </scstep>
  <scstep>
   <time name="dav">    6.25    6.27</time>
   <time name="total">   15.83   15.87</time>
   <energy>
    <i name="e_fr_energy">    -12.84025157 </i>
    <i name="e_wo_entrp">    -12.84025157 </i>
    <i name="e_0_energy">    -12.84025157 </i>
   </energy>
  </scstep>
  <scstep>
   <time name="dav">    6.26    6.28</time>
   <time name="total">   15.84   15.88</time>
   <energy>
    <i name="e_fr_energy">    -12.84029080 </i>
    <i name="e_wo_entrp">    -12.84029080 </i>
    <i name="e_0_energy">    -12.84029080 </i>
   </energy>
  </scstep>
  <scstep>
   <time name="dav">    6.27    6.29</time>
   <time name="total">   15.89   15.94</time>
   <energy>
    <i name="e_fr_energy">    -12.84032864 </i>
    <i name="e_wo_entrp">    -12.84032864 </i>
    <i name="e_0_energy">    -12.84032864 </i>
   </energy>
  </scstep>
  <scstep>
   <time name="dav">    6.31    6.32</time>
   <time name="total">   15.95   16.00</time>
   <energy>
    <i name="e_fr_energy">    -12.84036513 </i>
    <i name="e_wo_entrp">    -12.84036513 </i>
    <i name="e_0_energy">    -12.84036513 </i>
   </energy>
  </scstep>
  <scstep>
   <time name="dav">    6.27    6.29</time>
   <time name="total">   15.78   15.82</time>
   <energy>
    <i name="e_fr_energy">    -12.84040032 </i>
    <i name="e_wo_entrp">    -12.84040032 </i>
    <i name="e_0_energy">    -12.84040032 </i>
   </energy>
  </scstep>
  <scstep>
   <time name="dav">    6.27    6.29</time>
   <time name="total">   15.99   16.03</time>
   <energy>
    <i name="e_fr_energy">    -12.84043426 </i>
    <i name="e_wo_entrp">    -12.84043426 </i>
    <i name="e_0_energy">    -12.84043426 </i>
   </energy>
  </scstep>
  <scstep>
   <time name="dav">    6.28    6.29</time>
   <time name="total">   15.80   15.84</time>
   <energy>
    <i name="e_fr_energy">    -12.84046698 </i>
    <i name="e_wo_entrp">    -12.84046698 </i>
    <i name="e_0_energy">    -12.84046698 </i>
   </energy>
  </scstep>
  <scstep>
   <time name="dav">    6.34    6.36</time>
   <time name="total">   15.95   16.00</time>
   <energy>
    <i name="e_fr_energy">    -12.84049853 </i>
    <i name="e_wo_entrp">    -12.84049853 </i>
    <i name="e_0_energy">    -12.84049853 </i>
   </energy>
  </scstep>
  <scstep>
   <time name="dav">    6.27    6.29</time>
   <time name="total">   15.51   15.55</time>
   <energy>
    <i name="e_fr_energy">    -12.84052895 </i>
    <i name="e_wo_entrp">    -12.84052895 </i>
    <i name="e_0_energy">    -12.84052895 </i>
   </energy>
  </scstep>
  <scstep>
   <time name="dav">    6.30    6.31</time>
   <time name="total">   15.85   15.89</time>
   <energy>
    <i name="e_fr_energy">    -12.84055828 </i>
    <i name="e_wo_entrp">    -12.84055828 </i>
    <i name="e_0_energy">    -12.84055828 </i>
   </energy>
  </scstep>
  <scstep>
   <time name="dav">    6.24    6.25</time>
   <time name="total">   15.88   15.92</time>
   <energy>
    <i name="e_fr_energy">    -12.84058656 </i>
    <i name="e_wo_entrp">    -12.84058656 </i>
    <i name="e_0_energy">    -12.84058656 </i>
   </energy>
  </scstep>
  <scstep>
   <time name="dav">    6.35    6.36</time>
   <time name="total">   15.74   15.78</time>
   <energy>
    <i name="e_fr_energy">    -12.84061382 </i>
    <i name="e_wo_entrp">    -12.84061382 </i>
    <i name="e_0_energy">    -12.84061382 </i>
   </energy>
  </scstep>
  <scstep>
   <time name="dav">    6.30    6.32</time>
   <time name="total">   16.02   16.07</time>
   <energy>
    <i name="e_fr_energy">    -12.84064010 </i>
    <i name="e_wo_entrp">    -12.84064010 </i>
    <i name="e_0_energy">    -12.84064010 </i>
   </energy>
  </scstep>
  <scstep>
   <time name="dav">    6.30    6.31</time>
   <time name="total">   15.89   15.93</time>
   <energy>
    <i name="e_fr_energy">    -12.84066543 </i>
    <i name="e_wo_entrp">    -12.84066543 </i>
    <i name="e_0_energy">    -12.84066543 </i>
   </energy>
  </scstep>
  <scstep>
   <time name="dav">    6.20    6.22</time>
   <time name="total">   15.87   15.91</time>
   <energy>
    <i name="e_fr_energy">    -12.84068985 </i>
    <i name="e_wo_entrp">    -12.84068985 </i>
    <i name="e_0_energy">    -12.84068985 </i>
   </energy>
  </scstep>
  <scstep>
   <time name="dav">    6.26    6.27</time>
   <time name="total">   15.88   15.93</time>
   <energy>
    <i name="e_fr_energy">    -12.84071339 </i>
    <i name="e_wo_entrp">    -12.84071339 </i>
    <i name="e_0_energy">    -12.84071339 </i>
   </energy>
  </scstep>
  <scstep>
   <time name="dav">    6.20    6.21</time>
   <time name="total">   15.43   15.47</time>
   <energy>
    <i name="e_fr_energy">    -12.84073609 </i>
    <i name="e_wo_entrp">    -12.84073609 </i>
    <i name="e_0_energy">    -12.84073609 </i>
   </energy>
  </scstep>
  <scstep>
   <time name="dav">    6.30    6.31</time>
   <time name="total">   15.72   15.77</time>
   <energy>
    <i name="e_fr_energy">    -12.84075796 </i>
    <i name="e_wo_entrp">    -12.84075796 </i>
    <i name="e_0_energy">    -12.84075796 </i>
   </energy>
  </scstep>
  <scstep>
   <time name="dav">    6.28    6.30</time>
   <time name="total">   16.00   16.04</time>
   <energy>
    <i name="e_fr_energy">    -12.84077904 </i>
    <i name="e_wo_entrp">    -12.84077904 </i>
    <i name="e_0_energy">    -12.84077904 </i>
   </energy>
  </scstep>
  <scstep>
   <time name="dav">    6.30    6.32</time>
   <time name="total">   15.84   15.88</time>
   <energy>
    <i name="e_fr_energy">    -12.84079936 </i>
    <i name="e_wo_entrp">    -12.84079936 </i>
    <i name="e_0_energy">    -12.84079936 </i>
   </energy>
  </scstep>
  <scstep>
   <time name="dav">    6.22    6.24</time>
   <time name="total">   15.93   15.98</time>
   <energy>
    <i name="e_fr_energy">    -12.84081895 </i>
    <i name="e_wo_entrp">    -12.84081895 </i>
    <i name="e_0_energy">    -12.84081895 </i>
   </energy>
  </scstep>
  <scstep>
   <time name="dav">    6.24    6.26</time>
   <time name="total">   15.85   15.90</time>
   <energy>
    <i name="e_fr_energy">    -12.84083782 </i>
    <i name="e_wo_entrp">    -12.84083782 </i>
    <i name="e_0_energy">    -12.84083782 </i>
   </energy>
  </scstep>
  <scstep>
   <time name="dav">    6.15    6.16</time>
   <time name="total">   15.84   15.88</time>
   <energy>
    <i name="e_fr_energy">    -12.84085601 </i>
    <i name="e_wo_entrp">    -12.84085601 </i>
    <i name="e_0_energy">    -12.84085601 </i>
   </energy>
  </scstep>
  <scstep>
   <time name="dav">    6.34    6.36</time>
   <time name="total">    9.14    9.16</time>
   <energy>
    <i name="alphaZ">      0.40806431 </i>
    <i name="ewald">   -164.78780271 </i>
    <i name="hartreedc">   -965.62151899 </i>
    <i name="XCdc">     11.46220825 </i>
    <i name="pawpsdc">   1147.71257485 </i>
    <i name="pawaedc">  -1121.43986393 </i>
    <i name="eentropy">      0.00000000 </i>
    <i name="bandstr">   -312.30847548 </i>
    <i name="atom">   1308.42268925 </i>
    <i name="e_fr_energy">    -12.84087355 </i>
    <i name="e_wo_entrp">    -12.84087355 </i>
    <i name="e_0_energy">    -12.84087355 </i>
   </energy>
  </scstep>
  <structure>
   <crystal>
    <varray name="basis" >
     <v>      15.00000000       0.00000000       0.00000000 </v>
     <v>       0.00000000      15.00000000       0.00000000 </v>
     <v>       0.00000000       0.00000000      15.00000000 </v>
    </varray>
    <i name="volume">   3375.00000000 </i>
    <varray name="rec_basis" >
     <v>       0.06666667       0.00000000       0.00000000 </v>
     <v>       0.00000000       0.06666667       0.00000000 </v>
     <v>       0.00000000       0.00000000       0.06666667 </v>
    </varray>
   </crystal>
   <varray name="positions" >
    <v>       0.50000000       0.50000000       0.50000000 </v>
   </varray>
  </structure>
  <varray name="forces" >
   <v>       0.00000000       0.00000000       0.00000000 </v>
  </varray>
  <varray name="stress" >
   <v>      -0.02862936       0.00000000      -0.00000000 </v>
   <v>       0.00000000      -0.02862936      -0.00000000 </v>
   <v>       0.00000000       0.00000000      -0.02862936 </v>
  </varray>
  <energy>
   <i name="e_fr_energy">    -12.84087355 </i>
   <i name="e_wo_entrp">    -12.84087355 </i>
   <i name="e_0_energy">      0.00000000 </i>
  </energy>
  <time name="totalsc"> 3095.65 3104.65</time>
  <eigenvalues>
   <array>
    <dimension dim="1">band</dimension>
    <dimension dim="2">kpoint</dimension>
    <dimension dim="3">spin</dimension>
    <field>eigene</field>
    <field>occ</field>
    <set>
     <set comment="spin 1">
      <set comment="kpoint 1">
       <r>  -47.1695    1.0000 </r>
       <r>  -47.0776    1.0000 </r>
       <r>  -47.0724    1.0000 </r>
       <r>   -6.5207    1.0000 </r>
       <r>   -6.5202    1.0000 </r>
       <r>   -3.7933    1.1018 </r>
       <r>    0.0527    0.0000 </r>
       <r>    0.0920    0.0000 </r>
       <r>    0.0946    0.0000 </r>
       <r>    0.0957    0.0000 </r>
      </set>
      <set comment="kpoint 2">
       <r>  -47.1695    1.0000 </r>
       <r>  -47.0776    1.0000 </r>
       <r>  -47.0724    1.0000 </r>
       <r>   -6.5207    1.0000 </r>
       <r>   -6.5202    1.0000 </r>
       <r>   -3.5556    0.8676 </r>
       <r>   -0.0537    0.0000 </r>
       <r>    0.1106    0.0000 </r>
       <r>    0.1129    0.0000 </r>
       <r>    0.2392    0.0000 </r>
      </set>
      <set comment="kpoint 3">
       <r>  -47.1695    1.0000 </r>
       <r>  -47.0776    1.0000 </r>
       <r>  -47.0724    1.0000 </r>
       <r>   -6.5207    1.0000 </r>
       <r>   -6.5202    1.0000 </r>
       <r>   -3.0208    0.1324 </r>
       <r>   -0.0111    0.0000 </r>
       <r>   -0.0095    0.0000 </r>
       <r>    0.1258    0.0000 </r>
       <r>    0.3421    0.0000 </r>
      </set>
      <set comment="kpoint 4">
       <r>  -47.1695    1.0000 </r>
       <r>  -47.0776    1.0000 </r>
       <r>  -47.0724    1.0000 </r>
       <r>   -6.5207    1.0000 </r>
       <r>   -6.5202    1.0000 </r>
       <r>   -2.7831   -0.1018 </r>
       <r>    0.0205    0.0000 </r>
       <r>    0.0227    0.0000 </r>
       <r>    0.0234    0.0000 </r>
       <r>    0.4834    0.0000 </r>
      </set>
     </set>
    </set>
   </array>
  </eigenvalues>
  <separator name="orbital magnetization" >
   <v name="MAGDIPOLOUT">      0.00000000      0.00000000      0.00000000</v>
  </separator>
  <dos>
   <i name="efermi">     -3.28820879 </i>
   <total>
    <array>
     <dimension dim="1">gridpoints</dimension>
     <dimension dim="2">spin</dimension>
     <field>energy</field>
     <field>total</field>
     <field>integrated</field>
     <set>
      <set comment="spin 1">
       <r>   -49.5522     0.0000     0.0000 </r>
       <r>   -49.3774     0.0000     0.0000 </r>
       <r>   -49.2027     0.0000     0.0000 </r>
       <r>   -49.0280     0.0000     0.0000 </r>
       <r>   -48.8532     0.0000     0.0000 </r>
       <r>   -48.6785     0.0000     0.0000 </r>
       <r>   -48.5038     0.0000     0.0000 </r>
       <r>   -48.3291     0.0000     0.0000 </r>
       <r>   -48.1543     0.0000     0.0000 </r>
       <r>   -47.9796     0.0000     0.0000 </r>
       <r>   -47.8049     0.0000     0.0000 </r>
       <r>   -47.6302     0.0000     0.0000 </r>
       <r>   -47.4554     0.0000     0.0000 </r>
       <r>   -47.2807     0.0000     0.0000 </r>
       <r>   -47.1060     0.0000     2.0000 </r>
       <r>   -46.9312     0.0000     6.0000 </r>
       <r>   -46.7565     0.0000     6.0000 </r>
       <r>   -46.5818     0.0000     6.0000 </r>
       <r>   -46.4071     0.0000     6.0000 </r>
       <r>   -46.2323     0.0000     6.0000 </r>
       <r>   -46.0576     0.0000     6.0000 </r>
       <r>   -45.8829     0.0000     6.0000 </r>
       <r>   -45.7082     0.0000     6.0000 </r>
       <r>   -45.5334     0.0000     6.0000 </r>
       <r>   -45.3587     0.0000     6.0000 </r>
       <r>   -45.1840     0.0000     6.0000 </r>
       <r>   -45.0092     0.0000     6.0000 </r>
       <r>   -44.8345     0.0000     6.0000 </r>
       <r>   -44.6598     0.0000     6.0000 </r>
       <r>   -44.4851     0.0000     6.0000 </r>
       <r>   -44.3103     0.0000     6.0000 </r>
       <r>   -44.1356     0.0000     6.0000 </r>
       <r>   -43.9609     0.0000     6.0000 </r>
       <r>   -43.7862     0.0000     6.0000 </r>
       <r>   -43.6114     0.0000     6.0000 </r>
       <r>   -43.4367     0.0000     6.0000 </r>
       <r>   -43.2620     0.0000     6.0000 </r>
       <r>   -43.0872     0.0000     6.0000 </r>
       <r>   -42.9125     0.0000     6.0000 </r>
       <r>   -42.7378     0.0000     6.0000 </r>
       <r>   -42.5631     0.0000     6.0000 </r>
       <r>   -42.3883     0.0000     6.0000 </r>
       <r>   -42.2136     0.0000     6.0000 </r>
       <r>   -42.0389     0.0000     6.0000 </r>
       <r>   -41.8642     0.0000     6.0000 </r>
       <r>   -41.6894     0.0000     6.0000 </r>
       <r>   -41.5147     0.0000     6.0000 </r>
       <r>   -41.3400     0.0000     6.0000 </r>
       <r>   -41.1652     0.0000     6.0000 </r>
       <r>   -40.9905     0.0000     6.0000 </r>
       <r>   -40.8158     0.0000     6.0000 </r>
       <r>   -40.6411     0.0000     6.0000 </r>
       <r>   -40.4663     0.0000     6.0000 </r>
       <r>   -40.2916     0.0000     6.0000 </r>
       <r>   -40.1169     0.0000     6.0000 </r>
       <r>   -39.9422     0.0000     6.0000 </r>
       <r>   -39.7674     0.0000     6.0000 </r>
       <r>   -39.5927     0.0000     6.0000 </r>
       <r>   -39.4180     0.0000     6.0000 </r>
       <r>   -39.2433     0.0000     6.0000 </r>
       <r>   -39.0685     0.0000     6.0000 </r>
       <r>   -38.8938     0.0000     6.0000 </r>
       <r>   -38.7191     0.0000     6.0000 </r>
       <r>   -38.5443     0.0000     6.0000 </r>
       <r>   -38.3696     0.0000     6.0000 </r>
       <r>   -38.1949     0.0000     6.0000 </r>
       <r>   -38.0202     0.0000     6.0000 </r>
       <r>   -37.8454     0.0000     6.0000 </r>
       <r>   -37.6707     0.0000     6.0000 </r>
       <r>   -37.4960     0.0000     6.0000 </r>
       <r>   -37.3213     0.0000     6.0000 </r>
       <r>   -37.1465     0.0000     6.0000 </r>
       <r>   -36.9718     0.0000     6.0000 </r>
       <r>   -36.7971     0.0000     6.0000 </r>
       <r>   -36.6223     0.0000     6.0000 </r>
       <r>   -36.4476     0.0000     6.0000 </r>
       <r>   -36.2729     0.0000     6.0000 </r>
       <r>   -36.0982     0.0000     6.0000 </r>
       <r>   -35.9234     0.0000     6.0000 </r>
       <r>   -35.7487     0.0000     6.0000 </r>
       <r>   -35.5740     0.0000     6.0000 </r>
       <r>   -35.3993     0.0000     6.0000 </r>
       <r>   -35.2245     0.0000     6.0000 </r>
       <r>   -35.0498     0.0000     6.0000 </r>
       <r>   -34.8751     0.0000     6.0000 </r>
       <r>   -34.7003     0.0000     6.0000 </r>
       <r>   -34.5256     0.0000     6.0000 </r>
       <r>   -34.3509     0.0000     6.0000 </r>
       <r>   -34.1762     0.0000     6.0000 </r>
       <r>   -34.0014     0.0000     6.0000 </r>
       <r>   -33.8267     0.0000     6.0000 </r>
       <r>   -33.6520     0.0000     6.0000 </r>
       <r>   -33.4773     0.0000     6.0000 </r>
       <r>   -33.3025     0.0000     6.0000 </r>
       <r>   -33.1278     0.0000     6.0000 </r>
       <r>   -32.9531     0.0000     6.0000 </r>
       <r>   -32.7783     0.0000     6.0000 </r>
       <r>   -32.6036     0.0000     6.0000 </r>
       <r>   -32.4289     0.0000     6.0000 </r>
       <r>   -32.2542     0.0000     6.0000 </r>
       <r>   -32.0794     0.0000     6.0000 </r>
       <r>   -31.9047     0.0000     6.0000 </r>
       <r>   -31.7300     0.0000     6.0000 </r>
       <r>   -31.5553     0.0000     6.0000 </r>
       <r>   -31.3805     0.0000     6.0000 </r>
       <r>   -31.2058     0.0000     6.0000 </r>
       <r>   -31.0311     0.0000     6.0000 </r>
       <r>   -30.8563     0.0000     6.0000 </r>
       <r>   -30.6816     0.0000     6.0000 </r>
       <r>   -30.5069     0.0000     6.0000 </r>
       <r>   -30.3322     0.0000     6.0000 </r>
       <r>   -30.1574     0.0000     6.0000 </r>
       <r>   -29.9827     0.0000     6.0000 </r>
       <r>   -29.8080     0.0000     6.0000 </r>
       <r>   -29.6333     0.0000     6.0000 </r>
       <r>   -29.4585     0.0000     6.0000 </r>
       <r>   -29.2838     0.0000     6.0000 </r>
       <r>   -29.1091     0.0000     6.0000 </r>
       <r>   -28.9343     0.0000     6.0000 </r>
       <r>   -28.7596     0.0000     6.0000 </r>
       <r>   -28.5849     0.0000     6.0000 </r>
       <r>   -28.4102     0.0000     6.0000 </r>
       <r>   -28.2354     0.0000     6.0000 </r>
       <r>   -28.0607     0.0000     6.0000 </r>
       <r>   -27.8860     0.0000     6.0000 </r>
       <r>   -27.7113     0.0000     6.0000 </r>
       <r>   -27.5365     0.0000     6.0000 </r>
       <r>   -27.3618     0.0000     6.0000 </r>
       <r>   -27.1871     0.0000     6.0000 </r>
       <r>   -27.0123     0.0000     6.0000 </r>
       <r>   -26.8376     0.0000     6.0000 </r>
       <r>   -26.6629     0.0000     6.0000 </r>
       <r>   -26.4882     0.0000     6.0000 </r>
       <r>   -26.3134     0.0000     6.0000 </r>
       <r>   -26.1387     0.0000     6.0000 </r>
       <r>   -25.9640     0.0000     6.0000 </r>
       <r>   -25.7893     0.0000     6.0000 </r>
       <r>   -25.6145     0.0000     6.0000 </r>
       <r>   -25.4398     0.0000     6.0000 </r>
       <r>   -25.2651     0.0000     6.0000 </r>
       <r>   -25.0903     0.0000     6.0000 </r>
       <r>   -24.9156     0.0000     6.0000 </r>
       <r>   -24.7409     0.0000     6.0000 </r>
       <r>   -24.5662     0.0000     6.0000 </r>
       <r>   -24.3914     0.0000     6.0000 </r>
       <r>   -24.2167     0.0000     6.0000 </r>
       <r>   -24.0420     0.0000     6.0000 </r>
       <r>   -23.8673     0.0000     6.0000 </r>
       <r>   -23.6925     0.0000     6.0000 </r>
       <r>   -23.5178     0.0000     6.0000 </r>
       <r>   -23.3431     0.0000     6.0000 </r>
       <r>   -23.1683     0.0000     6.0000 </r>
       <r>   -22.9936     0.0000     6.0000 </r>
       <r>   -22.8189     0.0000     6.0000 </r>
       <r>   -22.6442     0.0000     6.0000 </r>
       <r>   -22.4694     0.0000     6.0000 </r>
       <r>   -22.2947     0.0000     6.0000 </r>
       <r>   -22.1200     0.0000     6.0000 </r>
       <r>   -21.9453     0.0000     6.0000 </r>
       <r>   -21.7705     0.0000     6.0000 </r>
       <r>   -21.5958     0.0000     6.0000 </r>
       <r>   -21.4211     0.0000     6.0000 </r>
       <r>   -21.2463     0.0000     6.0000 </r>
       <r>   -21.0716     0.0000     6.0000 </r>
       <r>   -20.8969     0.0000     6.0000 </r>
       <r>   -20.7222     0.0000     6.0000 </r>
       <r>   -20.5474     0.0000     6.0000 </r>
       <r>   -20.3727     0.0000     6.0000 </r>
       <r>   -20.1980     0.0000     6.0000 </r>
       <r>   -20.0233     0.0000     6.0000 </r>
       <r>   -19.8485     0.0000     6.0000 </r>
       <r>   -19.6738     0.0000     6.0000 </r>
       <r>   -19.4991     0.0000     6.0000 </r>
       <r>   -19.3243     0.0000     6.0000 </r>
       <r>   -19.1496     0.0000     6.0000 </r>
       <r>   -18.9749     0.0000     6.0000 </r>
       <r>   -18.8002     0.0000     6.0000 </r>
       <r>   -18.6254     0.0000     6.0000 </r>
       <r>   -18.4507     0.0000     6.0000 </r>
       <r>   -18.2760     0.0000     6.0000 </r>
       <r>   -18.1013     0.0000     6.0000 </r>
       <r>   -17.9265     0.0000     6.0000 </r>
       <r>   -17.7518     0.0000     6.0000 </r>
       <r>   -17.5771     0.0000     6.0000 </r>
       <r>   -17.4024     0.0000     6.0000 </r>
       <r>   -17.2276     0.0000     6.0000 </r>
       <r>   -17.0529     0.0000     6.0000 </r>
       <r>   -16.8782     0.0000     6.0000 </r>
       <r>   -16.7034     0.0000     6.0000 </r>
       <r>   -16.5287     0.0000     6.0000 </r>
       <r>   -16.3540     0.0000     6.0000 </r>
       <r>   -16.1793     0.0000     6.0000 </r>
       <r>   -16.0045     0.0000     6.0000 </r>
       <r>   -15.8298     0.0000     6.0000 </r>
       <r>   -15.6551     0.0000     6.0000 </r>
       <r>   -15.4804     0.0000     6.0000 </r>
       <r>   -15.3056     0.0000     6.0000 </r>
       <r>   -15.1309     0.0000     6.0000 </r>
       <r>   -14.9562     0.0000     6.0000 </r>
       <r>   -14.7814     0.0000     6.0000 </r>
       <r>   -14.6067     0.0000     6.0000 </r>
       <r>   -14.4320     0.0000     6.0000 </r>
       <r>   -14.2573     0.0000     6.0000 </r>
       <r>   -14.0825     0.0000     6.0000 </r>
       <r>   -13.9078     0.0000     6.0000 </r>
       <r>   -13.7331     0.0000     6.0000 </r>
       <r>   -13.5584     0.0000     6.0000 </r>
       <r>   -13.3836     0.0000     6.0000 </r>
       <r>   -13.2089     0.0000     6.0000 </r>
       <r>   -13.0342     0.0000     6.0000 </r>
       <r>   -12.8594     0.0000     6.0000 </r>
       <r>   -12.6847     0.0000     6.0000 </r>
       <r>   -12.5100     0.0000     6.0000 </r>
       <r>   -12.3353     0.0000     6.0000 </r>
       <r>   -12.1605     0.0000     6.0000 </r>
       <r>   -11.9858     0.0000     6.0000 </r>
       <r>   -11.8111     0.0000     6.0000 </r>
       <r>   -11.6364     0.0000     6.0000 </r>
       <r>   -11.4616     0.0000     6.0000 </r>
       <r>   -11.2869     0.0000     6.0000 </r>
       <r>   -11.1122     0.0000     6.0000 </r>
       <r>   -10.9374     0.0000     6.0000 </r>
       <r>   -10.7627     0.0000     6.0000 </r>
       <r>   -10.5880     0.0000     6.0000 </r>
       <r>   -10.4133     0.0000     6.0000 </r>
       <r>   -10.2385     0.0000     6.0000 </r>
       <r>   -10.0638     0.0000     6.0000 </r>
       <r>    -9.8891     0.0000     6.0000 </r>
       <r>    -9.7144     0.0000     6.0000 </r>
       <r>    -9.5396     0.0000     6.0000 </r>
       <r>    -9.3649     0.0000     6.0000 </r>
       <r>    -9.1902     0.0000     6.0000 </r>
       <r>    -9.0154     0.0000     6.0000 </r>
       <r>    -8.8407     0.0000     6.0000 </r>
       <r>    -8.6660     0.0000     6.0000 </r>
       <r>    -8.4913     0.0000     6.0000 </r>
       <r>    -8.3165     0.0000     6.0000 </r>
       <r>    -8.1418     0.0000     6.0000 </r>
       <r>    -7.9671     0.0000     6.0000 </r>
       <r>    -7.7924     0.0000     6.0000 </r>
       <r>    -7.6176     0.0000     6.0000 </r>
       <r>    -7.4429     0.0000     6.0000 </r>
       <r>    -7.2682     0.0000     6.0000 </r>
       <r>    -7.0934     0.0000     6.0000 </r>
       <r>    -6.9187     0.0000     6.0000 </r>
       <r>    -6.7440     0.0000     6.0000 </r>
       <r>    -6.5693     0.0000     6.0000 </r>
       <r>    -6.3945     0.0000    10.0000 </r>
       <r>    -6.2198     0.0000    10.0000 </r>
       <r>    -6.0451     0.0000    10.0000 </r>
       <r>    -5.8704     0.0000    10.0000 </r>
       <r>    -5.6956     0.0000    10.0000 </r>
       <r>    -5.5209     0.0000    10.0000 </r>
       <r>    -5.3462     0.0000    10.0000 </r>
       <r>    -5.1714     0.0000    10.0000 </r>
       <r>    -4.9967     0.0000    10.0000 </r>
       <r>    -4.8220     0.0000    10.0000 </r>
       <r>    -4.6473     0.0000    10.0000 </r>
       <r>    -4.4725     0.0000    10.0000 </r>
       <r>    -4.2978     0.0000    10.0000 </r>
       <r>    -4.1231     0.0000    10.0000 </r>
       <r>    -3.9484     0.0000    10.0000 </r>
       <r>    -3.7736     0.0165    10.0001 </r>
       <r>    -3.5989     1.6047    10.1040 </r>
       <r>    -3.4242     3.0995    10.5564 </r>
       <r>    -3.2494     3.3241    11.1294 </r>
       <r>    -3.0747     2.7414    11.6710 </r>
       <r>    -2.9000     0.5801    11.9774 </r>
       <r>    -2.7253     0.0000    12.0000 </r>
       <r>    -2.5505     0.0000    12.0000 </r>
       <r>    -2.3758     0.0000    12.0000 </r>
       <r>    -2.2011     0.0000    12.0000 </r>
       <r>    -2.0264     0.0000    12.0000 </r>
       <r>    -1.8516     0.0000    12.0000 </r>
       <r>    -1.6769     0.0000    12.0000 </r>
       <r>    -1.5022     0.0000    12.0000 </r>
       <r>    -1.3274     0.0000    12.0000 </r>
       <r>    -1.1527     0.0000    12.0000 </r>
       <r>    -0.9780     0.0000    12.0000 </r>
       <r>    -0.8033     0.0000    12.0000 </r>
       <r>    -0.6285     0.0000    12.0000 </r>
       <r>    -0.4538     0.0000    12.0000 </r>
       <r>    -0.2791     0.0000    12.0000 </r>
       <r>    -0.1044     0.0000    12.0000 </r>
       <r>     0.0704    29.6133    15.5252 </r>
       <r>     0.2451     9.4324    18.4514 </r>
       <r>     0.4198     1.6949    19.9641 </r>
       <r>     0.5946     0.0000    20.0000 </r>
       <r>     0.7693     0.0000    20.0000 </r>
       <r>     0.9440     0.0000    20.0000 </r>
       <r>     1.1187     0.0000    20.0000 </r>
       <r>     1.2935     0.0000    20.0000 </r>
       <r>     1.4682     0.0000    20.0000 </r>
       <r>     1.6429     0.0000    20.0000 </r>
       <r>     1.8176     0.0000    20.0000 </r>
       <r>     1.9924     0.0000    20.0000 </r>
       <r>     2.1671     0.0000    20.0000 </r>
       <r>     2.3418     0.0000    20.0000 </r>
       <r>     2.5166     0.0000    20.0000 </r>
       <r>     2.6913     0.0000    20.0000 </r>
       <r>     2.8660     0.0000    20.0000 </r>
      </set>
     </set>
    </array>
   </total>
  </dos>
 </calculation>
 <structure name="finalpos" >
  <crystal>
   <varray name="basis" >
    <v>      15.00000000       0.00000000       0.00000000 </v>
    <v>       0.00000000      15.00000000       0.00000000 </v>
    <v>       0.00000000       0.00000000      15.00000000 </v>
   </varray>
   <i name="volume">   3375.00000000 </i>
   <varray name="rec_basis" >
    <v>       0.06666667       0.00000000       0.00000000 </v>
    <v>       0.00000000       0.06666667       0.00000000 </v>
    <v>       0.00000000       0.00000000       0.06666667 </v>
   </varray>
  </crystal>
  <varray name="positions" >
   <v>       0.50000000       0.50000000       0.50000000 </v>
  </varray>
 </structure>
</modeling>
